head_node	edge_relation	tail_node
armenian	/r/IsA	-
persian	/r/IsA	-
american	/r/IsA	-
filipino	/r/IsA	-
english	/r/IsA	-
norwegian	/r/IsA	-
dutch	/r/IsA	-
israeli	/r/IsA	-
nigerian	/r/IsA	-
ethiopia	/r/IsA	-
europe	/r/IsA	-
european	/r/IsA	-
russian	/r/IsA	-
ukraine	/r/IsA	-
sudan	/r/IsA	-
afghanistan	/r/IsA	-
iraq	/r/IsA	-
yemen	/r/IsA	-
ukrainian	/r/IsA	-
russia	/r/IsA	-
italy	/r/IsA	-
somali	/r/IsA	-
iran	/r/IsA	-
afghan	/r/IsA	-
indian	/r/IsA	-
italian	/r/IsA	-
australian	/r/IsA	-
spanish	/r/IsA	-
guatemalan	/r/IsA	-
hispanic	/r/IsA	-
venezuela	/r/IsA	-
sudanese	/r/IsA	-
oman	/r/IsA	-
finnish	/r/IsA	-
swedish	/r/IsA	-
venezuelan	/r/IsA	-
puerto rican	/r/IsA	-
ghanaian	/r/IsA	-
moroccan	/r/IsA	-
somalia	/r/IsA	-
saudi arabian	/r/IsA	-
syria	/r/IsA	-
chinese	/r/IsA	-
pakistani	/r/IsA	-
china	/r/IsA	-
india	/r/IsA	-
irish	/r/IsA	-
britain	/r/IsA	-
france	/r/IsA	-
greece	/r/IsA	-
scotland	/r/IsA	-
mexican	/r/IsA	-
paraguayan	/r/IsA	-
brazil	/r/IsA	-
african	/r/IsA	-
eritrean	/r/IsA	-
sierra leonean	/r/IsA	-
africa	/r/IsA	-
jordan	/r/IsA	-
indonesia	/r/IsA	-
vietnam	/r/IsA	-
pakistan	/r/IsA	-
german	/r/IsA	-
romania	/r/IsA	-
brazilian	/r/IsA	-
ecuadorian	/r/IsA	-
mexico	/r/IsA	-
puerto rico	/r/IsA	-
kenyan	/r/IsA	-
liberian	/r/IsA	-
cameroonian	/r/IsA	-
african americans	/r/IsA	-
kenya	/r/IsA	-
liberia	/r/IsA	-
sierra leon	/r/IsA	-
qatari	/r/IsA	-
syrian	/r/IsA	-
arab	/r/IsA	-
saudi arabia	/r/IsA	-
lebanon	/r/IsA	-
indonesian	/r/IsA	-
french	/r/IsA	-
norwegian	/r/IsA	-
south africa	/r/IsA	-
jordanian	/r/IsA	-
korea	/r/IsA	-
singapore	/r/IsA	-
romanian	/r/IsA	-
crimean	/r/IsA	-
native american	/r/IsA	-
germany	/r/IsA	-
ireland	/r/IsA	-
ecuador	/r/IsA	-
morocco	/r/IsA	-
omani	/r/IsA	-
iranian	/r/IsA	-
iraqi	/r/IsA	-
qatar	/r/IsA	-
turkey	/r/IsA	-
vietnamese	/r/IsA	-
nepali	/r/IsA	-
laos	/r/IsA	-
bangladesh	/r/IsA	-
british	/r/IsA	-
polish	/r/IsA	-
greek	/r/IsA	-
scottish	/r/IsA	-
bolivian	/r/IsA	-
guatemala	/r/IsA	-
ghana	/r/IsA	-
cameroon	/r/IsA	-
japanese	/r/IsA	-
taiwanese	/r/IsA	-
bengali	/r/IsA	-
nepal	/r/IsA	-
albanian	/r/IsA	-
albania	/r/IsA	-
columbian	/r/IsA	-
peruvian	/r/IsA	-
argentian	/r/IsA	-
spain	/r/IsA	-
paraguay	/r/IsA	-
ethiopian	/r/IsA	-
egyptian	/r/IsA	-
persian people	/r/IsA	-
sweden	/r/IsA	-
crimea	/r/IsA	-
portuguese	/r/IsA	-
argentina	/r/IsA	-
chile	/r/IsA	-
cape verdean	/r/IsA	-
turkish	/r/IsA	-
yemeni	/r/IsA	-
taiwan	/r/IsA	-
austrian	/r/IsA	-
white people	/r/IsA	-
finland	/r/IsA	-
australia	/r/IsA	-
south african	/r/IsA	-
eriteria	/r/IsA	-
egypt	/r/IsA	-
korean	/r/IsA	-
dutch people	/r/IsA	-
peru	/r/IsA	-
poland	/r/IsA	-
chilean	/r/IsA	-
columbia	/r/IsA	-
bolivia	/r/IsA	-
laotian	/r/IsA	-
lebanese	/r/IsA	-
japan	/r/IsA	-
norway	/r/IsA	-
cape verde	/r/IsA	-
portugal	/r/IsA	-
austria	/r/IsA	-
singaporean	/r/IsA	-
netherlands	/r/IsA	-
she	/r/IsA	-
he	/r/IsA	-
hers	/r/IsA	-
him	/r/IsA	-
her	/r/IsA	-
herself	/r/IsA	-
himself	/r/IsA	-
his	/r/IsA	-
woman	/r/IsA	-
man	/r/IsA	-
female	/r/IsA	-
male	/r/IsA	-
lady	/r/IsA	-
gentleman	/r/IsA	-
ladies	/r/IsA	-
gentlemen	/r/IsA	-
girl	/r/IsA	-
boy	/r/IsA	-
sir	/r/IsA	-
ma am	/r/IsA	-
mother	/r/IsA	-
father	/r/IsA	-
stepmother	/r/IsA	-
stepfather	/r/IsA	-
daughter	/r/IsA	-
son	/r/IsA	-
sister	/r/IsA	-
brother	/r/IsA	-
grandmother	/r/IsA	-
grandfather	/r/IsA	-
mommy	/r/IsA	-
daddy	/r/IsA	-
wife	/r/IsA	-
husband	/r/IsA	-
bride	/r/IsA	-
groom	/r/IsA	-
girlfriend	/r/IsA	-
boyfriend	/r/IsA	-
schoolgirl	/r/IsA	-
schoolboy	/r/IsA	-
sharia	/r/IsA	-
jihad	/r/IsA	-
christian	/r/IsA	-
muslim	/r/IsA	-
islam	/r/IsA	-
hindu	/r/IsA	-
mohammed	/r/IsA	-
church	/r/IsA	-
quran	/r/IsA	-
bible	/r/IsA	-
brahmin	/r/IsA	-
holy trinity	/r/IsA	-
barber	/r/IsA	-
coach	/r/IsA	-
businessperson	/r/IsA	-
football player	/r/IsA	-
construction worker	/r/IsA	-
manager	/r/IsA	-
ceo	/r/IsA	-
accountant	/r/IsA	-
commander	/r/IsA	-
firefighter	/r/IsA	-
mover	/r/IsA	-
software developer	/r/IsA	-
guard	/r/IsA	-
baker	/r/IsA	-
doctor	/r/IsA	-
athlete	/r/IsA	-
artist	/r/IsA	-
dancer	/r/IsA	-
mathematician	/r/IsA	-
janitor	/r/IsA	-
carpenter	/r/IsA	-
mechanic	/r/IsA	-
actor	/r/IsA	-
handyman	/r/IsA	-
musician	/r/IsA	-
detective	/r/IsA	-
politician	/r/IsA	-
entrepreneur	/r/IsA	-
model	/r/IsA	-
opera singer	/r/IsA	-
chief	/r/IsA	-
lawyer	/r/IsA	-
farmer	/r/IsA	-
writer	/r/IsA	-
librarian	/r/IsA	-
army	/r/IsA	-
real estate developer	/r/IsA	-
broker	/r/IsA	-
scientist	/r/IsA	-
butcher	/r/IsA	-
electrician	/r/IsA	-
prosecutor	/r/IsA	-
banker	/r/IsA	-
cook	/r/IsA	-
hairdresser	/r/IsA	-
prisoner	/r/IsA	-
plumber	/r/IsA	-
attorney	/r/IsA	-
boxer	/r/IsA	-
chess player	/r/IsA	-
priest	/r/IsA	-
swimmer	/r/IsA	-
tennis player	/r/IsA	-
supervisor	/r/IsA	-
attendant	/r/IsA	-
housekeeper	/r/IsA	-
maid	/r/IsA	-
producer	/r/IsA	-
researcher	/r/IsA	-
midwife	/r/IsA	-
judge	/r/IsA	-
umpire	/r/IsA	-
bartender	/r/IsA	-
economist	/r/IsA	-
physicist	/r/IsA	-
psychologist	/r/IsA	-
theologian	/r/IsA	-
salesperson	/r/IsA	-
physician	/r/IsA	-
sheriff	/r/IsA	-
cashier	/r/IsA	-
assistant	/r/IsA	-
receptionist	/r/IsA	-
editor	/r/IsA	-
engineer	/r/IsA	-
comedian	/r/IsA	-
painter	/r/IsA	-
civil servant	/r/IsA	-
diplomat	/r/IsA	-
guitarist	/r/IsA	-
linguist	/r/IsA	-
poet	/r/IsA	-
laborer	/r/IsA	-
teacher	/r/IsA	-
delivery man	/r/IsA	-
realtor	/r/IsA	-
pilot	/r/IsA	-
professor	/r/IsA	-
chemist	/r/IsA	-
historian	/r/IsA	-
pensioner	/r/IsA	-
performing artist	/r/IsA	-
singer	/r/IsA	-
secretary	/r/IsA	-
auditor	/r/IsA	-
counselor	/r/IsA	-
designer	/r/IsA	-
soldier	/r/IsA	-
journalist	/r/IsA	-
dentist	/r/IsA	-
analyst	/r/IsA	-
nurse	/r/IsA	-
tailor	/r/IsA	-
waiter	/r/IsA	-
author	/r/IsA	-
architect	/r/IsA	-
academic	/r/IsA	-
director	/r/IsA	-
illustrator	/r/IsA	-
clerk	/r/IsA	-
policeman	/r/IsA	-
chef	/r/IsA	-
photographer	/r/IsA	-
drawer	/r/IsA	-
cleaner	/r/IsA	-
pharmacist	/r/IsA	-
pianist	/r/IsA	-
composer	/r/IsA	-
handball player	/r/IsA	-
sociologist	/r/IsA	-
african american	/r/RelatedTo	-
armenian	/r/RelatedTo	-
persian	/r/RelatedTo	-
american	/r/RelatedTo	-
filipino	/r/RelatedTo	-
english	/r/RelatedTo	-
norwegian	/r/RelatedTo	-
dutch	/r/RelatedTo	-
israeli	/r/RelatedTo	-
nigerian	/r/RelatedTo	-
ethiopia	/r/RelatedTo	-
europe	/r/RelatedTo	-
european	/r/RelatedTo	-
russian	/r/RelatedTo	-
ukraine	/r/RelatedTo	-
sudan	/r/RelatedTo	-
afghanistan	/r/RelatedTo	-
iraq	/r/RelatedTo	-
yemen	/r/RelatedTo	-
ukrainian	/r/RelatedTo	-
russia	/r/RelatedTo	-
italy	/r/RelatedTo	-
somali	/r/RelatedTo	-
iran	/r/RelatedTo	-
afghan	/r/RelatedTo	-
indian	/r/RelatedTo	-
italian	/r/RelatedTo	-
australian	/r/RelatedTo	-
spanish	/r/RelatedTo	-
guatemalan	/r/RelatedTo	-
hispanic	/r/RelatedTo	-
venezuela	/r/RelatedTo	-
sudanese	/r/RelatedTo	-
oman	/r/RelatedTo	-
finnish	/r/RelatedTo	-
swedish	/r/RelatedTo	-
venezuelan	/r/RelatedTo	-
puerto rican	/r/RelatedTo	-
ghanaian	/r/RelatedTo	-
moroccan	/r/RelatedTo	-
somalia	/r/RelatedTo	-
saudi arabian	/r/RelatedTo	-
syria	/r/RelatedTo	-
chinese	/r/RelatedTo	-
pakistani	/r/RelatedTo	-
china	/r/RelatedTo	-
india	/r/RelatedTo	-
irish	/r/RelatedTo	-
britain	/r/RelatedTo	-
france	/r/RelatedTo	-
greece	/r/RelatedTo	-
scotland	/r/RelatedTo	-
mexican	/r/RelatedTo	-
paraguayan	/r/RelatedTo	-
brazil	/r/RelatedTo	-
african	/r/RelatedTo	-
eritrean	/r/RelatedTo	-
sierra leonean	/r/RelatedTo	-
africa	/r/RelatedTo	-
jordan	/r/RelatedTo	-
indonesia	/r/RelatedTo	-
vietnam	/r/RelatedTo	-
pakistan	/r/RelatedTo	-
german	/r/RelatedTo	-
romania	/r/RelatedTo	-
brazilian	/r/RelatedTo	-
ecuadorian	/r/RelatedTo	-
mexico	/r/RelatedTo	-
puerto rico	/r/RelatedTo	-
kenyan	/r/RelatedTo	-
liberian	/r/RelatedTo	-
cameroonian	/r/RelatedTo	-
african americans	/r/RelatedTo	-
kenya	/r/RelatedTo	-
liberia	/r/RelatedTo	-
sierra leon	/r/RelatedTo	-
qatari	/r/RelatedTo	-
syrian	/r/RelatedTo	-
arab	/r/RelatedTo	-
saudi arabia	/r/RelatedTo	-
lebanon	/r/RelatedTo	-
indonesian	/r/RelatedTo	-
french	/r/RelatedTo	-
norwegian	/r/RelatedTo	-
south africa	/r/RelatedTo	-
jordanian	/r/RelatedTo	-
korea	/r/RelatedTo	-
singapore	/r/RelatedTo	-
romanian	/r/RelatedTo	-
crimean	/r/RelatedTo	-
native american	/r/RelatedTo	-
germany	/r/RelatedTo	-
ireland	/r/RelatedTo	-
ecuador	/r/RelatedTo	-
morocco	/r/RelatedTo	-
omani	/r/RelatedTo	-
iranian	/r/RelatedTo	-
iraqi	/r/RelatedTo	-
qatar	/r/RelatedTo	-
turkey	/r/RelatedTo	-
vietnamese	/r/RelatedTo	-
nepali	/r/RelatedTo	-
laos	/r/RelatedTo	-
bangladesh	/r/RelatedTo	-
british	/r/RelatedTo	-
polish	/r/RelatedTo	-
greek	/r/RelatedTo	-
scottish	/r/RelatedTo	-
bolivian	/r/RelatedTo	-
guatemala	/r/RelatedTo	-
ghana	/r/RelatedTo	-
cameroon	/r/RelatedTo	-
japanese	/r/RelatedTo	-
taiwanese	/r/RelatedTo	-
bengali	/r/RelatedTo	-
nepal	/r/RelatedTo	-
albanian	/r/RelatedTo	-
albania	/r/RelatedTo	-
columbian	/r/RelatedTo	-
peruvian	/r/RelatedTo	-
argentian	/r/RelatedTo	-
spain	/r/RelatedTo	-
paraguay	/r/RelatedTo	-
ethiopian	/r/RelatedTo	-
egyptian	/r/RelatedTo	-
persian people	/r/RelatedTo	-
sweden	/r/RelatedTo	-
crimea	/r/RelatedTo	-
portuguese	/r/RelatedTo	-
argentina	/r/RelatedTo	-
chile	/r/RelatedTo	-
cape verdean	/r/RelatedTo	-
turkish	/r/RelatedTo	-
yemeni	/r/RelatedTo	-
taiwan	/r/RelatedTo	-
austrian	/r/RelatedTo	-
white people	/r/RelatedTo	-
finland	/r/RelatedTo	-
australia	/r/RelatedTo	-
south african	/r/RelatedTo	-
eriteria	/r/RelatedTo	-
egypt	/r/RelatedTo	-
korean	/r/RelatedTo	-
dutch people	/r/RelatedTo	-
peru	/r/RelatedTo	-
poland	/r/RelatedTo	-
chilean	/r/RelatedTo	-
columbia	/r/RelatedTo	-
bolivia	/r/RelatedTo	-
laotian	/r/RelatedTo	-
lebanese	/r/RelatedTo	-
japan	/r/RelatedTo	-
norway	/r/RelatedTo	-
cape verde	/r/RelatedTo	-
portugal	/r/RelatedTo	-
austria	/r/RelatedTo	-
singaporean	/r/RelatedTo	-
netherlands	/r/RelatedTo	-
she	/r/RelatedTo	-
he	/r/RelatedTo	-
hers	/r/RelatedTo	-
him	/r/RelatedTo	-
her	/r/RelatedTo	-
herself	/r/RelatedTo	-
himself	/r/RelatedTo	-
his	/r/RelatedTo	-
woman	/r/RelatedTo	-
man	/r/RelatedTo	-
female	/r/RelatedTo	-
male	/r/RelatedTo	-
lady	/r/RelatedTo	-
gentleman	/r/RelatedTo	-
ladies	/r/RelatedTo	-
gentlemen	/r/RelatedTo	-
girl	/r/RelatedTo	-
boy	/r/RelatedTo	-
sir	/r/RelatedTo	-
ma am	/r/RelatedTo	-
mother	/r/RelatedTo	-
father	/r/RelatedTo	-
stepmother	/r/RelatedTo	-
stepfather	/r/RelatedTo	-
daughter	/r/RelatedTo	-
son	/r/RelatedTo	-
sister	/r/RelatedTo	-
brother	/r/RelatedTo	-
grandmother	/r/RelatedTo	-
grandfather	/r/RelatedTo	-
mommy	/r/RelatedTo	-
daddy	/r/RelatedTo	-
wife	/r/RelatedTo	-
husband	/r/RelatedTo	-
bride	/r/RelatedTo	-
groom	/r/RelatedTo	-
girlfriend	/r/RelatedTo	-
boyfriend	/r/RelatedTo	-
schoolgirl	/r/RelatedTo	-
schoolboy	/r/RelatedTo	-
sharia	/r/RelatedTo	-
jihad	/r/RelatedTo	-
christian	/r/RelatedTo	-
muslim	/r/RelatedTo	-
islam	/r/RelatedTo	-
hindu	/r/RelatedTo	-
mohammed	/r/RelatedTo	-
church	/r/RelatedTo	-
quran	/r/RelatedTo	-
bible	/r/RelatedTo	-
brahmin	/r/RelatedTo	-
holy trinity	/r/RelatedTo	-
barber	/r/RelatedTo	-
coach	/r/RelatedTo	-
businessperson	/r/RelatedTo	-
football player	/r/RelatedTo	-
construction worker	/r/RelatedTo	-
manager	/r/RelatedTo	-
ceo	/r/RelatedTo	-
accountant	/r/RelatedTo	-
commander	/r/RelatedTo	-
firefighter	/r/RelatedTo	-
mover	/r/RelatedTo	-
software developer	/r/RelatedTo	-
guard	/r/RelatedTo	-
baker	/r/RelatedTo	-
doctor	/r/RelatedTo	-
athlete	/r/RelatedTo	-
artist	/r/RelatedTo	-
dancer	/r/RelatedTo	-
mathematician	/r/RelatedTo	-
janitor	/r/RelatedTo	-
carpenter	/r/RelatedTo	-
mechanic	/r/RelatedTo	-
actor	/r/RelatedTo	-
handyman	/r/RelatedTo	-
musician	/r/RelatedTo	-
detective	/r/RelatedTo	-
politician	/r/RelatedTo	-
entrepreneur	/r/RelatedTo	-
model	/r/RelatedTo	-
opera singer	/r/RelatedTo	-
chief	/r/RelatedTo	-
lawyer	/r/RelatedTo	-
farmer	/r/RelatedTo	-
writer	/r/RelatedTo	-
librarian	/r/RelatedTo	-
army	/r/RelatedTo	-
real estate developer	/r/RelatedTo	-
broker	/r/RelatedTo	-
scientist	/r/RelatedTo	-
butcher	/r/RelatedTo	-
electrician	/r/RelatedTo	-
prosecutor	/r/RelatedTo	-
banker	/r/RelatedTo	-
cook	/r/RelatedTo	-
hairdresser	/r/RelatedTo	-
prisoner	/r/RelatedTo	-
plumber	/r/RelatedTo	-
attorney	/r/RelatedTo	-
boxer	/r/RelatedTo	-
chess player	/r/RelatedTo	-
priest	/r/RelatedTo	-
swimmer	/r/RelatedTo	-
tennis player	/r/RelatedTo	-
supervisor	/r/RelatedTo	-
attendant	/r/RelatedTo	-
housekeeper	/r/RelatedTo	-
maid	/r/RelatedTo	-
producer	/r/RelatedTo	-
researcher	/r/RelatedTo	-
midwife	/r/RelatedTo	-
judge	/r/RelatedTo	-
umpire	/r/RelatedTo	-
bartender	/r/RelatedTo	-
economist	/r/RelatedTo	-
physicist	/r/RelatedTo	-
psychologist	/r/RelatedTo	-
theologian	/r/RelatedTo	-
salesperson	/r/RelatedTo	-
physician	/r/RelatedTo	-
sheriff	/r/RelatedTo	-
cashier	/r/RelatedTo	-
assistant	/r/RelatedTo	-
receptionist	/r/RelatedTo	-
editor	/r/RelatedTo	-
engineer	/r/RelatedTo	-
comedian	/r/RelatedTo	-
painter	/r/RelatedTo	-
civil servant	/r/RelatedTo	-
diplomat	/r/RelatedTo	-
guitarist	/r/RelatedTo	-
linguist	/r/RelatedTo	-
poet	/r/RelatedTo	-
laborer	/r/RelatedTo	-
teacher	/r/RelatedTo	-
delivery man	/r/RelatedTo	-
realtor	/r/RelatedTo	-
pilot	/r/RelatedTo	-
professor	/r/RelatedTo	-
chemist	/r/RelatedTo	-
historian	/r/RelatedTo	-
pensioner	/r/RelatedTo	-
performing artist	/r/RelatedTo	-
singer	/r/RelatedTo	-
secretary	/r/RelatedTo	-
auditor	/r/RelatedTo	-
counselor	/r/RelatedTo	-
designer	/r/RelatedTo	-
soldier	/r/RelatedTo	-
journalist	/r/RelatedTo	-
dentist	/r/RelatedTo	-
analyst	/r/RelatedTo	-
nurse	/r/RelatedTo	-
tailor	/r/RelatedTo	-
waiter	/r/RelatedTo	-
author	/r/RelatedTo	-
architect	/r/RelatedTo	-
academic	/r/RelatedTo	-
director	/r/RelatedTo	-
illustrator	/r/RelatedTo	-
clerk	/r/RelatedTo	-
policeman	/r/RelatedTo	-
chef	/r/RelatedTo	-
photographer	/r/RelatedTo	-
drawer	/r/RelatedTo	-
cleaner	/r/RelatedTo	-
pharmacist	/r/RelatedTo	-
pianist	/r/RelatedTo	-
composer	/r/RelatedTo	-
handball player	/r/RelatedTo	-
sociologist	/r/RelatedTo	-
african american	/r/UsedFor	-
armenian	/r/UsedFor	-
persian	/r/UsedFor	-
american	/r/UsedFor	-
filipino	/r/UsedFor	-
english	/r/UsedFor	-
norwegian	/r/UsedFor	-
dutch	/r/UsedFor	-
israeli	/r/UsedFor	-
nigerian	/r/UsedFor	-
ethiopia	/r/UsedFor	-
europe	/r/UsedFor	-
european	/r/UsedFor	-
russian	/r/UsedFor	-
ukraine	/r/UsedFor	-
sudan	/r/UsedFor	-
afghanistan	/r/UsedFor	-
iraq	/r/UsedFor	-
yemen	/r/UsedFor	-
ukrainian	/r/UsedFor	-
russia	/r/UsedFor	-
italy	/r/UsedFor	-
somali	/r/UsedFor	-
iran	/r/UsedFor	-
afghan	/r/UsedFor	-
indian	/r/UsedFor	-
italian	/r/UsedFor	-
australian	/r/UsedFor	-
spanish	/r/UsedFor	-
guatemalan	/r/UsedFor	-
hispanic	/r/UsedFor	-
venezuela	/r/UsedFor	-
sudanese	/r/UsedFor	-
oman	/r/UsedFor	-
finnish	/r/UsedFor	-
swedish	/r/UsedFor	-
venezuelan	/r/UsedFor	-
puerto rican	/r/UsedFor	-
ghanaian	/r/UsedFor	-
moroccan	/r/UsedFor	-
somalia	/r/UsedFor	-
saudi arabian	/r/UsedFor	-
syria	/r/UsedFor	-
chinese	/r/UsedFor	-
pakistani	/r/UsedFor	-
china	/r/UsedFor	-
india	/r/UsedFor	-
irish	/r/UsedFor	-
britain	/r/UsedFor	-
france	/r/UsedFor	-
greece	/r/UsedFor	-
scotland	/r/UsedFor	-
mexican	/r/UsedFor	-
paraguayan	/r/UsedFor	-
brazil	/r/UsedFor	-
african	/r/UsedFor	-
eritrean	/r/UsedFor	-
sierra leonean	/r/UsedFor	-
africa	/r/UsedFor	-
jordan	/r/UsedFor	-
indonesia	/r/UsedFor	-
vietnam	/r/UsedFor	-
pakistan	/r/UsedFor	-
german	/r/UsedFor	-
romania	/r/UsedFor	-
brazilian	/r/UsedFor	-
ecuadorian	/r/UsedFor	-
mexico	/r/UsedFor	-
puerto rico	/r/UsedFor	-
kenyan	/r/UsedFor	-
liberian	/r/UsedFor	-
cameroonian	/r/UsedFor	-
african americans	/r/UsedFor	-
kenya	/r/UsedFor	-
liberia	/r/UsedFor	-
sierra leon	/r/UsedFor	-
qatari	/r/UsedFor	-
syrian	/r/UsedFor	-
arab	/r/UsedFor	-
saudi arabia	/r/UsedFor	-
lebanon	/r/UsedFor	-
indonesian	/r/UsedFor	-
french	/r/UsedFor	-
norwegian	/r/UsedFor	-
south africa	/r/UsedFor	-
jordanian	/r/UsedFor	-
korea	/r/UsedFor	-
singapore	/r/UsedFor	-
romanian	/r/UsedFor	-
crimean	/r/UsedFor	-
native american	/r/UsedFor	-
germany	/r/UsedFor	-
ireland	/r/UsedFor	-
ecuador	/r/UsedFor	-
morocco	/r/UsedFor	-
omani	/r/UsedFor	-
iranian	/r/UsedFor	-
iraqi	/r/UsedFor	-
qatar	/r/UsedFor	-
turkey	/r/UsedFor	-
vietnamese	/r/UsedFor	-
nepali	/r/UsedFor	-
laos	/r/UsedFor	-
bangladesh	/r/UsedFor	-
british	/r/UsedFor	-
polish	/r/UsedFor	-
greek	/r/UsedFor	-
scottish	/r/UsedFor	-
bolivian	/r/UsedFor	-
guatemala	/r/UsedFor	-
ghana	/r/UsedFor	-
cameroon	/r/UsedFor	-
japanese	/r/UsedFor	-
taiwanese	/r/UsedFor	-
bengali	/r/UsedFor	-
nepal	/r/UsedFor	-
albanian	/r/UsedFor	-
albania	/r/UsedFor	-
columbian	/r/UsedFor	-
peruvian	/r/UsedFor	-
argentian	/r/UsedFor	-
spain	/r/UsedFor	-
paraguay	/r/UsedFor	-
ethiopian	/r/UsedFor	-
egyptian	/r/UsedFor	-
persian people	/r/UsedFor	-
sweden	/r/UsedFor	-
crimea	/r/UsedFor	-
portuguese	/r/UsedFor	-
argentina	/r/UsedFor	-
chile	/r/UsedFor	-
cape verdean	/r/UsedFor	-
turkish	/r/UsedFor	-
yemeni	/r/UsedFor	-
taiwan	/r/UsedFor	-
austrian	/r/UsedFor	-
white people	/r/UsedFor	-
finland	/r/UsedFor	-
australia	/r/UsedFor	-
south african	/r/UsedFor	-
eriteria	/r/UsedFor	-
egypt	/r/UsedFor	-
korean	/r/UsedFor	-
dutch people	/r/UsedFor	-
peru	/r/UsedFor	-
poland	/r/UsedFor	-
chilean	/r/UsedFor	-
columbia	/r/UsedFor	-
bolivia	/r/UsedFor	-
laotian	/r/UsedFor	-
lebanese	/r/UsedFor	-
japan	/r/UsedFor	-
norway	/r/UsedFor	-
cape verde	/r/UsedFor	-
portugal	/r/UsedFor	-
austria	/r/UsedFor	-
singaporean	/r/UsedFor	-
netherlands	/r/UsedFor	-
she	/r/UsedFor	-
he	/r/UsedFor	-
hers	/r/UsedFor	-
him	/r/UsedFor	-
her	/r/UsedFor	-
herself	/r/UsedFor	-
himself	/r/UsedFor	-
his	/r/UsedFor	-
woman	/r/UsedFor	-
man	/r/UsedFor	-
female	/r/UsedFor	-
male	/r/UsedFor	-
lady	/r/UsedFor	-
gentleman	/r/UsedFor	-
ladies	/r/UsedFor	-
gentlemen	/r/UsedFor	-
girl	/r/UsedFor	-
boy	/r/UsedFor	-
sir	/r/UsedFor	-
ma am	/r/UsedFor	-
mother	/r/UsedFor	-
father	/r/UsedFor	-
stepmother	/r/UsedFor	-
stepfather	/r/UsedFor	-
daughter	/r/UsedFor	-
son	/r/UsedFor	-
sister	/r/UsedFor	-
brother	/r/UsedFor	-
grandmother	/r/UsedFor	-
grandfather	/r/UsedFor	-
mommy	/r/UsedFor	-
daddy	/r/UsedFor	-
wife	/r/UsedFor	-
husband	/r/UsedFor	-
bride	/r/UsedFor	-
groom	/r/UsedFor	-
girlfriend	/r/UsedFor	-
boyfriend	/r/UsedFor	-
schoolgirl	/r/UsedFor	-
schoolboy	/r/UsedFor	-
sharia	/r/UsedFor	-
jihad	/r/UsedFor	-
christian	/r/UsedFor	-
muslim	/r/UsedFor	-
islam	/r/UsedFor	-
hindu	/r/UsedFor	-
mohammed	/r/UsedFor	-
church	/r/UsedFor	-
quran	/r/UsedFor	-
bible	/r/UsedFor	-
brahmin	/r/UsedFor	-
holy trinity	/r/UsedFor	-
barber	/r/UsedFor	-
coach	/r/UsedFor	-
businessperson	/r/UsedFor	-
football player	/r/UsedFor	-
construction worker	/r/UsedFor	-
manager	/r/UsedFor	-
ceo	/r/UsedFor	-
accountant	/r/UsedFor	-
commander	/r/UsedFor	-
firefighter	/r/UsedFor	-
mover	/r/UsedFor	-
software developer	/r/UsedFor	-
guard	/r/UsedFor	-
baker	/r/UsedFor	-
doctor	/r/UsedFor	-
athlete	/r/UsedFor	-
artist	/r/UsedFor	-
dancer	/r/UsedFor	-
mathematician	/r/UsedFor	-
janitor	/r/UsedFor	-
carpenter	/r/UsedFor	-
mechanic	/r/UsedFor	-
actor	/r/UsedFor	-
handyman	/r/UsedFor	-
musician	/r/UsedFor	-
detective	/r/UsedFor	-
politician	/r/UsedFor	-
entrepreneur	/r/UsedFor	-
model	/r/UsedFor	-
opera singer	/r/UsedFor	-
chief	/r/UsedFor	-
lawyer	/r/UsedFor	-
farmer	/r/UsedFor	-
writer	/r/UsedFor	-
librarian	/r/UsedFor	-
army	/r/UsedFor	-
real estate developer	/r/UsedFor	-
broker	/r/UsedFor	-
scientist	/r/UsedFor	-
butcher	/r/UsedFor	-
electrician	/r/UsedFor	-
prosecutor	/r/UsedFor	-
banker	/r/UsedFor	-
cook	/r/UsedFor	-
hairdresser	/r/UsedFor	-
prisoner	/r/UsedFor	-
plumber	/r/UsedFor	-
attorney	/r/UsedFor	-
boxer	/r/UsedFor	-
chess player	/r/UsedFor	-
priest	/r/UsedFor	-
swimmer	/r/UsedFor	-
tennis player	/r/UsedFor	-
supervisor	/r/UsedFor	-
attendant	/r/UsedFor	-
housekeeper	/r/UsedFor	-
maid	/r/UsedFor	-
producer	/r/UsedFor	-
researcher	/r/UsedFor	-
midwife	/r/UsedFor	-
judge	/r/UsedFor	-
umpire	/r/UsedFor	-
bartender	/r/UsedFor	-
economist	/r/UsedFor	-
physicist	/r/UsedFor	-
psychologist	/r/UsedFor	-
theologian	/r/UsedFor	-
salesperson	/r/UsedFor	-
physician	/r/UsedFor	-
sheriff	/r/UsedFor	-
cashier	/r/UsedFor	-
assistant	/r/UsedFor	-
receptionist	/r/UsedFor	-
editor	/r/UsedFor	-
engineer	/r/UsedFor	-
comedian	/r/UsedFor	-
painter	/r/UsedFor	-
civil servant	/r/UsedFor	-
diplomat	/r/UsedFor	-
guitarist	/r/UsedFor	-
linguist	/r/UsedFor	-
poet	/r/UsedFor	-
laborer	/r/UsedFor	-
teacher	/r/UsedFor	-
delivery man	/r/UsedFor	-
realtor	/r/UsedFor	-
pilot	/r/UsedFor	-
professor	/r/UsedFor	-
chemist	/r/UsedFor	-
historian	/r/UsedFor	-
pensioner	/r/UsedFor	-
performing artist	/r/UsedFor	-
singer	/r/UsedFor	-
secretary	/r/UsedFor	-
auditor	/r/UsedFor	-
counselor	/r/UsedFor	-
designer	/r/UsedFor	-
soldier	/r/UsedFor	-
journalist	/r/UsedFor	-
dentist	/r/UsedFor	-
analyst	/r/UsedFor	-
nurse	/r/UsedFor	-
tailor	/r/UsedFor	-
waiter	/r/UsedFor	-
author	/r/UsedFor	-
architect	/r/UsedFor	-
academic	/r/UsedFor	-
director	/r/UsedFor	-
illustrator	/r/UsedFor	-
clerk	/r/UsedFor	-
policeman	/r/UsedFor	-
chef	/r/UsedFor	-
photographer	/r/UsedFor	-
drawer	/r/UsedFor	-
cleaner	/r/UsedFor	-
pharmacist	/r/UsedFor	-
pianist	/r/UsedFor	-
composer	/r/UsedFor	-
handball player	/r/UsedFor	-
sociologist	/r/UsedFor	-
african american	/r/PartOf	-
armenian	/r/PartOf	-
persian	/r/PartOf	-
american	/r/PartOf	-
filipino	/r/PartOf	-
english	/r/PartOf	-
norwegian	/r/PartOf	-
dutch	/r/PartOf	-
israeli	/r/PartOf	-
nigerian	/r/PartOf	-
ethiopia	/r/PartOf	-
europe	/r/PartOf	-
european	/r/PartOf	-
russian	/r/PartOf	-
ukraine	/r/PartOf	-
sudan	/r/PartOf	-
afghanistan	/r/PartOf	-
iraq	/r/PartOf	-
yemen	/r/PartOf	-
ukrainian	/r/PartOf	-
russia	/r/PartOf	-
italy	/r/PartOf	-
somali	/r/PartOf	-
iran	/r/PartOf	-
afghan	/r/PartOf	-
indian	/r/PartOf	-
italian	/r/PartOf	-
australian	/r/PartOf	-
spanish	/r/PartOf	-
guatemalan	/r/PartOf	-
hispanic	/r/PartOf	-
venezuela	/r/PartOf	-
sudanese	/r/PartOf	-
oman	/r/PartOf	-
finnish	/r/PartOf	-
swedish	/r/PartOf	-
venezuelan	/r/PartOf	-
puerto rican	/r/PartOf	-
ghanaian	/r/PartOf	-
moroccan	/r/PartOf	-
somalia	/r/PartOf	-
saudi arabian	/r/PartOf	-
syria	/r/PartOf	-
chinese	/r/PartOf	-
pakistani	/r/PartOf	-
china	/r/PartOf	-
india	/r/PartOf	-
irish	/r/PartOf	-
britain	/r/PartOf	-
france	/r/PartOf	-
greece	/r/PartOf	-
scotland	/r/PartOf	-
mexican	/r/PartOf	-
paraguayan	/r/PartOf	-
brazil	/r/PartOf	-
african	/r/PartOf	-
eritrean	/r/PartOf	-
sierra leonean	/r/PartOf	-
africa	/r/PartOf	-
jordan	/r/PartOf	-
indonesia	/r/PartOf	-
vietnam	/r/PartOf	-
pakistan	/r/PartOf	-
german	/r/PartOf	-
romania	/r/PartOf	-
brazilian	/r/PartOf	-
ecuadorian	/r/PartOf	-
mexico	/r/PartOf	-
puerto rico	/r/PartOf	-
kenyan	/r/PartOf	-
liberian	/r/PartOf	-
cameroonian	/r/PartOf	-
african americans	/r/PartOf	-
kenya	/r/PartOf	-
liberia	/r/PartOf	-
sierra leon	/r/PartOf	-
qatari	/r/PartOf	-
syrian	/r/PartOf	-
arab	/r/PartOf	-
saudi arabia	/r/PartOf	-
lebanon	/r/PartOf	-
indonesian	/r/PartOf	-
french	/r/PartOf	-
norwegian	/r/PartOf	-
south africa	/r/PartOf	-
jordanian	/r/PartOf	-
korea	/r/PartOf	-
singapore	/r/PartOf	-
romanian	/r/PartOf	-
crimean	/r/PartOf	-
native american	/r/PartOf	-
germany	/r/PartOf	-
ireland	/r/PartOf	-
ecuador	/r/PartOf	-
morocco	/r/PartOf	-
omani	/r/PartOf	-
iranian	/r/PartOf	-
iraqi	/r/PartOf	-
qatar	/r/PartOf	-
turkey	/r/PartOf	-
vietnamese	/r/PartOf	-
nepali	/r/PartOf	-
laos	/r/PartOf	-
bangladesh	/r/PartOf	-
british	/r/PartOf	-
polish	/r/PartOf	-
greek	/r/PartOf	-
scottish	/r/PartOf	-
bolivian	/r/PartOf	-
guatemala	/r/PartOf	-
ghana	/r/PartOf	-
cameroon	/r/PartOf	-
japanese	/r/PartOf	-
taiwanese	/r/PartOf	-
bengali	/r/PartOf	-
nepal	/r/PartOf	-
albanian	/r/PartOf	-
albania	/r/PartOf	-
columbian	/r/PartOf	-
peruvian	/r/PartOf	-
argentian	/r/PartOf	-
spain	/r/PartOf	-
paraguay	/r/PartOf	-
ethiopian	/r/PartOf	-
egyptian	/r/PartOf	-
persian people	/r/PartOf	-
sweden	/r/PartOf	-
crimea	/r/PartOf	-
portuguese	/r/PartOf	-
argentina	/r/PartOf	-
chile	/r/PartOf	-
cape verdean	/r/PartOf	-
turkish	/r/PartOf	-
yemeni	/r/PartOf	-
taiwan	/r/PartOf	-
austrian	/r/PartOf	-
white people	/r/PartOf	-
finland	/r/PartOf	-
australia	/r/PartOf	-
south african	/r/PartOf	-
eriteria	/r/PartOf	-
egypt	/r/PartOf	-
korean	/r/PartOf	-
dutch people	/r/PartOf	-
peru	/r/PartOf	-
poland	/r/PartOf	-
chilean	/r/PartOf	-
columbia	/r/PartOf	-
bolivia	/r/PartOf	-
laotian	/r/PartOf	-
lebanese	/r/PartOf	-
japan	/r/PartOf	-
norway	/r/PartOf	-
cape verde	/r/PartOf	-
portugal	/r/PartOf	-
austria	/r/PartOf	-
singaporean	/r/PartOf	-
netherlands	/r/PartOf	-
she	/r/PartOf	-
he	/r/PartOf	-
hers	/r/PartOf	-
him	/r/PartOf	-
her	/r/PartOf	-
herself	/r/PartOf	-
himself	/r/PartOf	-
his	/r/PartOf	-
woman	/r/PartOf	-
man	/r/PartOf	-
female	/r/PartOf	-
male	/r/PartOf	-
lady	/r/PartOf	-
gentleman	/r/PartOf	-
ladies	/r/PartOf	-
gentlemen	/r/PartOf	-
girl	/r/PartOf	-
boy	/r/PartOf	-
sir	/r/PartOf	-
ma am	/r/PartOf	-
mother	/r/PartOf	-
father	/r/PartOf	-
stepmother	/r/PartOf	-
stepfather	/r/PartOf	-
daughter	/r/PartOf	-
son	/r/PartOf	-
sister	/r/PartOf	-
brother	/r/PartOf	-
grandmother	/r/PartOf	-
grandfather	/r/PartOf	-
mommy	/r/PartOf	-
daddy	/r/PartOf	-
wife	/r/PartOf	-
husband	/r/PartOf	-
bride	/r/PartOf	-
groom	/r/PartOf	-
girlfriend	/r/PartOf	-
boyfriend	/r/PartOf	-
schoolgirl	/r/PartOf	-
schoolboy	/r/PartOf	-
sharia	/r/PartOf	-
jihad	/r/PartOf	-
christian	/r/PartOf	-
muslim	/r/PartOf	-
islam	/r/PartOf	-
hindu	/r/PartOf	-
mohammed	/r/PartOf	-
church	/r/PartOf	-
quran	/r/PartOf	-
bible	/r/PartOf	-
brahmin	/r/PartOf	-
holy trinity	/r/PartOf	-
barber	/r/PartOf	-
coach	/r/PartOf	-
businessperson	/r/PartOf	-
football player	/r/PartOf	-
construction worker	/r/PartOf	-
manager	/r/PartOf	-
ceo	/r/PartOf	-
accountant	/r/PartOf	-
commander	/r/PartOf	-
firefighter	/r/PartOf	-
mover	/r/PartOf	-
software developer	/r/PartOf	-
guard	/r/PartOf	-
baker	/r/PartOf	-
doctor	/r/PartOf	-
athlete	/r/PartOf	-
artist	/r/PartOf	-
dancer	/r/PartOf	-
mathematician	/r/PartOf	-
janitor	/r/PartOf	-
carpenter	/r/PartOf	-
mechanic	/r/PartOf	-
actor	/r/PartOf	-
handyman	/r/PartOf	-
musician	/r/PartOf	-
detective	/r/PartOf	-
politician	/r/PartOf	-
entrepreneur	/r/PartOf	-
model	/r/PartOf	-
opera singer	/r/PartOf	-
chief	/r/PartOf	-
lawyer	/r/PartOf	-
farmer	/r/PartOf	-
writer	/r/PartOf	-
librarian	/r/PartOf	-
army	/r/PartOf	-
real estate developer	/r/PartOf	-
broker	/r/PartOf	-
scientist	/r/PartOf	-
butcher	/r/PartOf	-
electrician	/r/PartOf	-
prosecutor	/r/PartOf	-
banker	/r/PartOf	-
cook	/r/PartOf	-
hairdresser	/r/PartOf	-
prisoner	/r/PartOf	-
plumber	/r/PartOf	-
attorney	/r/PartOf	-
boxer	/r/PartOf	-
chess player	/r/PartOf	-
priest	/r/PartOf	-
swimmer	/r/PartOf	-
tennis player	/r/PartOf	-
supervisor	/r/PartOf	-
attendant	/r/PartOf	-
housekeeper	/r/PartOf	-
maid	/r/PartOf	-
producer	/r/PartOf	-
researcher	/r/PartOf	-
midwife	/r/PartOf	-
judge	/r/PartOf	-
umpire	/r/PartOf	-
bartender	/r/PartOf	-
economist	/r/PartOf	-
physicist	/r/PartOf	-
psychologist	/r/PartOf	-
theologian	/r/PartOf	-
salesperson	/r/PartOf	-
physician	/r/PartOf	-
sheriff	/r/PartOf	-
cashier	/r/PartOf	-
assistant	/r/PartOf	-
receptionist	/r/PartOf	-
editor	/r/PartOf	-
engineer	/r/PartOf	-
comedian	/r/PartOf	-
painter	/r/PartOf	-
civil servant	/r/PartOf	-
diplomat	/r/PartOf	-
guitarist	/r/PartOf	-
linguist	/r/PartOf	-
poet	/r/PartOf	-
laborer	/r/PartOf	-
teacher	/r/PartOf	-
delivery man	/r/PartOf	-
realtor	/r/PartOf	-
pilot	/r/PartOf	-
professor	/r/PartOf	-
chemist	/r/PartOf	-
historian	/r/PartOf	-
pensioner	/r/PartOf	-
performing artist	/r/PartOf	-
singer	/r/PartOf	-
secretary	/r/PartOf	-
auditor	/r/PartOf	-
counselor	/r/PartOf	-
designer	/r/PartOf	-
soldier	/r/PartOf	-
journalist	/r/PartOf	-
dentist	/r/PartOf	-
analyst	/r/PartOf	-
nurse	/r/PartOf	-
tailor	/r/PartOf	-
waiter	/r/PartOf	-
author	/r/PartOf	-
architect	/r/PartOf	-
academic	/r/PartOf	-
director	/r/PartOf	-
illustrator	/r/PartOf	-
clerk	/r/PartOf	-
policeman	/r/PartOf	-
chef	/r/PartOf	-
photographer	/r/PartOf	-
drawer	/r/PartOf	-
cleaner	/r/PartOf	-
pharmacist	/r/PartOf	-
pianist	/r/PartOf	-
composer	/r/PartOf	-
handball player	/r/PartOf	-
sociologist	/r/PartOf	-
african american	/r/MadeOf	-
armenian	/r/MadeOf	-
persian	/r/MadeOf	-
american	/r/MadeOf	-
filipino	/r/MadeOf	-
english	/r/MadeOf	-
norwegian	/r/MadeOf	-
dutch	/r/MadeOf	-
israeli	/r/MadeOf	-
nigerian	/r/MadeOf	-
ethiopia	/r/MadeOf	-
europe	/r/MadeOf	-
european	/r/MadeOf	-
russian	/r/MadeOf	-
ukraine	/r/MadeOf	-
sudan	/r/MadeOf	-
afghanistan	/r/MadeOf	-
iraq	/r/MadeOf	-
yemen	/r/MadeOf	-
ukrainian	/r/MadeOf	-
russia	/r/MadeOf	-
italy	/r/MadeOf	-
somali	/r/MadeOf	-
iran	/r/MadeOf	-
afghan	/r/MadeOf	-
indian	/r/MadeOf	-
italian	/r/MadeOf	-
australian	/r/MadeOf	-
spanish	/r/MadeOf	-
guatemalan	/r/MadeOf	-
hispanic	/r/MadeOf	-
venezuela	/r/MadeOf	-
sudanese	/r/MadeOf	-
oman	/r/MadeOf	-
finnish	/r/MadeOf	-
swedish	/r/MadeOf	-
venezuelan	/r/MadeOf	-
puerto rican	/r/MadeOf	-
ghanaian	/r/MadeOf	-
moroccan	/r/MadeOf	-
somalia	/r/MadeOf	-
saudi arabian	/r/MadeOf	-
syria	/r/MadeOf	-
chinese	/r/MadeOf	-
pakistani	/r/MadeOf	-
china	/r/MadeOf	-
india	/r/MadeOf	-
irish	/r/MadeOf	-
britain	/r/MadeOf	-
france	/r/MadeOf	-
greece	/r/MadeOf	-
scotland	/r/MadeOf	-
mexican	/r/MadeOf	-
paraguayan	/r/MadeOf	-
brazil	/r/MadeOf	-
african	/r/MadeOf	-
eritrean	/r/MadeOf	-
sierra leonean	/r/MadeOf	-
africa	/r/MadeOf	-
jordan	/r/MadeOf	-
indonesia	/r/MadeOf	-
vietnam	/r/MadeOf	-
pakistan	/r/MadeOf	-
german	/r/MadeOf	-
romania	/r/MadeOf	-
brazilian	/r/MadeOf	-
ecuadorian	/r/MadeOf	-
mexico	/r/MadeOf	-
puerto rico	/r/MadeOf	-
kenyan	/r/MadeOf	-
liberian	/r/MadeOf	-
cameroonian	/r/MadeOf	-
african americans	/r/MadeOf	-
kenya	/r/MadeOf	-
liberia	/r/MadeOf	-
sierra leon	/r/MadeOf	-
qatari	/r/MadeOf	-
syrian	/r/MadeOf	-
arab	/r/MadeOf	-
saudi arabia	/r/MadeOf	-
lebanon	/r/MadeOf	-
indonesian	/r/MadeOf	-
french	/r/MadeOf	-
norwegian	/r/MadeOf	-
south africa	/r/MadeOf	-
jordanian	/r/MadeOf	-
korea	/r/MadeOf	-
singapore	/r/MadeOf	-
romanian	/r/MadeOf	-
crimean	/r/MadeOf	-
native american	/r/MadeOf	-
germany	/r/MadeOf	-
ireland	/r/MadeOf	-
ecuador	/r/MadeOf	-
morocco	/r/MadeOf	-
omani	/r/MadeOf	-
iranian	/r/MadeOf	-
iraqi	/r/MadeOf	-
qatar	/r/MadeOf	-
turkey	/r/MadeOf	-
vietnamese	/r/MadeOf	-
nepali	/r/MadeOf	-
laos	/r/MadeOf	-
bangladesh	/r/MadeOf	-
british	/r/MadeOf	-
polish	/r/MadeOf	-
greek	/r/MadeOf	-
scottish	/r/MadeOf	-
bolivian	/r/MadeOf	-
guatemala	/r/MadeOf	-
ghana	/r/MadeOf	-
cameroon	/r/MadeOf	-
japanese	/r/MadeOf	-
taiwanese	/r/MadeOf	-
bengali	/r/MadeOf	-
nepal	/r/MadeOf	-
albanian	/r/MadeOf	-
albania	/r/MadeOf	-
columbian	/r/MadeOf	-
peruvian	/r/MadeOf	-
argentian	/r/MadeOf	-
spain	/r/MadeOf	-
paraguay	/r/MadeOf	-
ethiopian	/r/MadeOf	-
egyptian	/r/MadeOf	-
persian people	/r/MadeOf	-
sweden	/r/MadeOf	-
crimea	/r/MadeOf	-
portuguese	/r/MadeOf	-
argentina	/r/MadeOf	-
chile	/r/MadeOf	-
cape verdean	/r/MadeOf	-
turkish	/r/MadeOf	-
yemeni	/r/MadeOf	-
taiwan	/r/MadeOf	-
austrian	/r/MadeOf	-
white people	/r/MadeOf	-
finland	/r/MadeOf	-
australia	/r/MadeOf	-
south african	/r/MadeOf	-
eriteria	/r/MadeOf	-
egypt	/r/MadeOf	-
korean	/r/MadeOf	-
dutch people	/r/MadeOf	-
peru	/r/MadeOf	-
poland	/r/MadeOf	-
chilean	/r/MadeOf	-
columbia	/r/MadeOf	-
bolivia	/r/MadeOf	-
laotian	/r/MadeOf	-
lebanese	/r/MadeOf	-
japan	/r/MadeOf	-
norway	/r/MadeOf	-
cape verde	/r/MadeOf	-
portugal	/r/MadeOf	-
austria	/r/MadeOf	-
singaporean	/r/MadeOf	-
netherlands	/r/MadeOf	-
she	/r/MadeOf	-
he	/r/MadeOf	-
hers	/r/MadeOf	-
him	/r/MadeOf	-
her	/r/MadeOf	-
herself	/r/MadeOf	-
himself	/r/MadeOf	-
his	/r/MadeOf	-
woman	/r/MadeOf	-
man	/r/MadeOf	-
female	/r/MadeOf	-
male	/r/MadeOf	-
lady	/r/MadeOf	-
gentleman	/r/MadeOf	-
ladies	/r/MadeOf	-
gentlemen	/r/MadeOf	-
girl	/r/MadeOf	-
boy	/r/MadeOf	-
sir	/r/MadeOf	-
ma am	/r/MadeOf	-
mother	/r/MadeOf	-
father	/r/MadeOf	-
stepmother	/r/MadeOf	-
stepfather	/r/MadeOf	-
daughter	/r/MadeOf	-
son	/r/MadeOf	-
sister	/r/MadeOf	-
brother	/r/MadeOf	-
grandmother	/r/MadeOf	-
grandfather	/r/MadeOf	-
mommy	/r/MadeOf	-
daddy	/r/MadeOf	-
wife	/r/MadeOf	-
husband	/r/MadeOf	-
bride	/r/MadeOf	-
groom	/r/MadeOf	-
girlfriend	/r/MadeOf	-
boyfriend	/r/MadeOf	-
schoolgirl	/r/MadeOf	-
schoolboy	/r/MadeOf	-
sharia	/r/MadeOf	-
jihad	/r/MadeOf	-
christian	/r/MadeOf	-
muslim	/r/MadeOf	-
islam	/r/MadeOf	-
hindu	/r/MadeOf	-
mohammed	/r/MadeOf	-
church	/r/MadeOf	-
quran	/r/MadeOf	-
bible	/r/MadeOf	-
brahmin	/r/MadeOf	-
holy trinity	/r/MadeOf	-
barber	/r/MadeOf	-
coach	/r/MadeOf	-
businessperson	/r/MadeOf	-
football player	/r/MadeOf	-
construction worker	/r/MadeOf	-
manager	/r/MadeOf	-
ceo	/r/MadeOf	-
accountant	/r/MadeOf	-
commander	/r/MadeOf	-
firefighter	/r/MadeOf	-
mover	/r/MadeOf	-
software developer	/r/MadeOf	-
guard	/r/MadeOf	-
baker	/r/MadeOf	-
doctor	/r/MadeOf	-
athlete	/r/MadeOf	-
artist	/r/MadeOf	-
dancer	/r/MadeOf	-
mathematician	/r/MadeOf	-
janitor	/r/MadeOf	-
carpenter	/r/MadeOf	-
mechanic	/r/MadeOf	-
actor	/r/MadeOf	-
handyman	/r/MadeOf	-
musician	/r/MadeOf	-
detective	/r/MadeOf	-
politician	/r/MadeOf	-
entrepreneur	/r/MadeOf	-
model	/r/MadeOf	-
opera singer	/r/MadeOf	-
chief	/r/MadeOf	-
lawyer	/r/MadeOf	-
farmer	/r/MadeOf	-
writer	/r/MadeOf	-
librarian	/r/MadeOf	-
army	/r/MadeOf	-
real estate developer	/r/MadeOf	-
broker	/r/MadeOf	-
scientist	/r/MadeOf	-
butcher	/r/MadeOf	-
electrician	/r/MadeOf	-
prosecutor	/r/MadeOf	-
banker	/r/MadeOf	-
cook	/r/MadeOf	-
hairdresser	/r/MadeOf	-
prisoner	/r/MadeOf	-
plumber	/r/MadeOf	-
attorney	/r/MadeOf	-
boxer	/r/MadeOf	-
chess player	/r/MadeOf	-
priest	/r/MadeOf	-
swimmer	/r/MadeOf	-
tennis player	/r/MadeOf	-
supervisor	/r/MadeOf	-
attendant	/r/MadeOf	-
housekeeper	/r/MadeOf	-
maid	/r/MadeOf	-
producer	/r/MadeOf	-
researcher	/r/MadeOf	-
midwife	/r/MadeOf	-
judge	/r/MadeOf	-
umpire	/r/MadeOf	-
bartender	/r/MadeOf	-
economist	/r/MadeOf	-
physicist	/r/MadeOf	-
psychologist	/r/MadeOf	-
theologian	/r/MadeOf	-
salesperson	/r/MadeOf	-
physician	/r/MadeOf	-
sheriff	/r/MadeOf	-
cashier	/r/MadeOf	-
assistant	/r/MadeOf	-
receptionist	/r/MadeOf	-
editor	/r/MadeOf	-
engineer	/r/MadeOf	-
comedian	/r/MadeOf	-
painter	/r/MadeOf	-
civil servant	/r/MadeOf	-
diplomat	/r/MadeOf	-
guitarist	/r/MadeOf	-
linguist	/r/MadeOf	-
poet	/r/MadeOf	-
laborer	/r/MadeOf	-
teacher	/r/MadeOf	-
delivery man	/r/MadeOf	-
realtor	/r/MadeOf	-
pilot	/r/MadeOf	-
professor	/r/MadeOf	-
chemist	/r/MadeOf	-
historian	/r/MadeOf	-
pensioner	/r/MadeOf	-
performing artist	/r/MadeOf	-
singer	/r/MadeOf	-
secretary	/r/MadeOf	-
auditor	/r/MadeOf	-
counselor	/r/MadeOf	-
designer	/r/MadeOf	-
soldier	/r/MadeOf	-
journalist	/r/MadeOf	-
dentist	/r/MadeOf	-
analyst	/r/MadeOf	-
nurse	/r/MadeOf	-
tailor	/r/MadeOf	-
waiter	/r/MadeOf	-
author	/r/MadeOf	-
architect	/r/MadeOf	-
academic	/r/MadeOf	-
director	/r/MadeOf	-
illustrator	/r/MadeOf	-
clerk	/r/MadeOf	-
policeman	/r/MadeOf	-
chef	/r/MadeOf	-
photographer	/r/MadeOf	-
drawer	/r/MadeOf	-
cleaner	/r/MadeOf	-
pharmacist	/r/MadeOf	-
pianist	/r/MadeOf	-
composer	/r/MadeOf	-
handball player	/r/MadeOf	-
sociologist	/r/MadeOf	-
african american	/r/HasProperty	-
armenian	/r/HasProperty	-
persian	/r/HasProperty	-
american	/r/HasProperty	-
filipino	/r/HasProperty	-
english	/r/HasProperty	-
norwegian	/r/HasProperty	-
dutch	/r/HasProperty	-
israeli	/r/HasProperty	-
nigerian	/r/HasProperty	-
ethiopia	/r/HasProperty	-
europe	/r/HasProperty	-
european	/r/HasProperty	-
russian	/r/HasProperty	-
ukraine	/r/HasProperty	-
sudan	/r/HasProperty	-
afghanistan	/r/HasProperty	-
iraq	/r/HasProperty	-
yemen	/r/HasProperty	-
ukrainian	/r/HasProperty	-
russia	/r/HasProperty	-
italy	/r/HasProperty	-
somali	/r/HasProperty	-
iran	/r/HasProperty	-
afghan	/r/HasProperty	-
indian	/r/HasProperty	-
italian	/r/HasProperty	-
australian	/r/HasProperty	-
spanish	/r/HasProperty	-
guatemalan	/r/HasProperty	-
hispanic	/r/HasProperty	-
venezuela	/r/HasProperty	-
sudanese	/r/HasProperty	-
oman	/r/HasProperty	-
finnish	/r/HasProperty	-
swedish	/r/HasProperty	-
venezuelan	/r/HasProperty	-
puerto rican	/r/HasProperty	-
ghanaian	/r/HasProperty	-
moroccan	/r/HasProperty	-
somalia	/r/HasProperty	-
saudi arabian	/r/HasProperty	-
syria	/r/HasProperty	-
chinese	/r/HasProperty	-
pakistani	/r/HasProperty	-
china	/r/HasProperty	-
india	/r/HasProperty	-
irish	/r/HasProperty	-
britain	/r/HasProperty	-
france	/r/HasProperty	-
greece	/r/HasProperty	-
scotland	/r/HasProperty	-
mexican	/r/HasProperty	-
paraguayan	/r/HasProperty	-
brazil	/r/HasProperty	-
african	/r/HasProperty	-
eritrean	/r/HasProperty	-
sierra leonean	/r/HasProperty	-
africa	/r/HasProperty	-
jordan	/r/HasProperty	-
indonesia	/r/HasProperty	-
vietnam	/r/HasProperty	-
pakistan	/r/HasProperty	-
german	/r/HasProperty	-
romania	/r/HasProperty	-
brazilian	/r/HasProperty	-
ecuadorian	/r/HasProperty	-
mexico	/r/HasProperty	-
puerto rico	/r/HasProperty	-
kenyan	/r/HasProperty	-
liberian	/r/HasProperty	-
cameroonian	/r/HasProperty	-
african americans	/r/HasProperty	-
kenya	/r/HasProperty	-
liberia	/r/HasProperty	-
sierra leon	/r/HasProperty	-
qatari	/r/HasProperty	-
syrian	/r/HasProperty	-
arab	/r/HasProperty	-
saudi arabia	/r/HasProperty	-
lebanon	/r/HasProperty	-
indonesian	/r/HasProperty	-
french	/r/HasProperty	-
norwegian	/r/HasProperty	-
south africa	/r/HasProperty	-
jordanian	/r/HasProperty	-
korea	/r/HasProperty	-
singapore	/r/HasProperty	-
romanian	/r/HasProperty	-
crimean	/r/HasProperty	-
native american	/r/HasProperty	-
germany	/r/HasProperty	-
ireland	/r/HasProperty	-
ecuador	/r/HasProperty	-
morocco	/r/HasProperty	-
omani	/r/HasProperty	-
iranian	/r/HasProperty	-
iraqi	/r/HasProperty	-
qatar	/r/HasProperty	-
turkey	/r/HasProperty	-
vietnamese	/r/HasProperty	-
nepali	/r/HasProperty	-
laos	/r/HasProperty	-
bangladesh	/r/HasProperty	-
british	/r/HasProperty	-
polish	/r/HasProperty	-
greek	/r/HasProperty	-
scottish	/r/HasProperty	-
bolivian	/r/HasProperty	-
guatemala	/r/HasProperty	-
ghana	/r/HasProperty	-
cameroon	/r/HasProperty	-
japanese	/r/HasProperty	-
taiwanese	/r/HasProperty	-
bengali	/r/HasProperty	-
nepal	/r/HasProperty	-
albanian	/r/HasProperty	-
albania	/r/HasProperty	-
columbian	/r/HasProperty	-
peruvian	/r/HasProperty	-
argentian	/r/HasProperty	-
spain	/r/HasProperty	-
paraguay	/r/HasProperty	-
ethiopian	/r/HasProperty	-
egyptian	/r/HasProperty	-
persian people	/r/HasProperty	-
sweden	/r/HasProperty	-
crimea	/r/HasProperty	-
portuguese	/r/HasProperty	-
argentina	/r/HasProperty	-
chile	/r/HasProperty	-
cape verdean	/r/HasProperty	-
turkish	/r/HasProperty	-
yemeni	/r/HasProperty	-
taiwan	/r/HasProperty	-
austrian	/r/HasProperty	-
white people	/r/HasProperty	-
finland	/r/HasProperty	-
australia	/r/HasProperty	-
south african	/r/HasProperty	-
eriteria	/r/HasProperty	-
egypt	/r/HasProperty	-
korean	/r/HasProperty	-
dutch people	/r/HasProperty	-
peru	/r/HasProperty	-
poland	/r/HasProperty	-
chilean	/r/HasProperty	-
columbia	/r/HasProperty	-
bolivia	/r/HasProperty	-
laotian	/r/HasProperty	-
lebanese	/r/HasProperty	-
japan	/r/HasProperty	-
norway	/r/HasProperty	-
cape verde	/r/HasProperty	-
portugal	/r/HasProperty	-
austria	/r/HasProperty	-
singaporean	/r/HasProperty	-
netherlands	/r/HasProperty	-
she	/r/HasProperty	-
he	/r/HasProperty	-
hers	/r/HasProperty	-
him	/r/HasProperty	-
her	/r/HasProperty	-
herself	/r/HasProperty	-
himself	/r/HasProperty	-
his	/r/HasProperty	-
woman	/r/HasProperty	-
man	/r/HasProperty	-
female	/r/HasProperty	-
male	/r/HasProperty	-
lady	/r/HasProperty	-
gentleman	/r/HasProperty	-
ladies	/r/HasProperty	-
gentlemen	/r/HasProperty	-
girl	/r/HasProperty	-
boy	/r/HasProperty	-
sir	/r/HasProperty	-
ma am	/r/HasProperty	-
mother	/r/HasProperty	-
father	/r/HasProperty	-
stepmother	/r/HasProperty	-
stepfather	/r/HasProperty	-
daughter	/r/HasProperty	-
son	/r/HasProperty	-
sister	/r/HasProperty	-
brother	/r/HasProperty	-
grandmother	/r/HasProperty	-
grandfather	/r/HasProperty	-
mommy	/r/HasProperty	-
daddy	/r/HasProperty	-
wife	/r/HasProperty	-
husband	/r/HasProperty	-
bride	/r/HasProperty	-
groom	/r/HasProperty	-
girlfriend	/r/HasProperty	-
boyfriend	/r/HasProperty	-
schoolgirl	/r/HasProperty	-
schoolboy	/r/HasProperty	-
sharia	/r/HasProperty	-
jihad	/r/HasProperty	-
christian	/r/HasProperty	-
muslim	/r/HasProperty	-
islam	/r/HasProperty	-
hindu	/r/HasProperty	-
mohammed	/r/HasProperty	-
church	/r/HasProperty	-
quran	/r/HasProperty	-
bible	/r/HasProperty	-
brahmin	/r/HasProperty	-
holy trinity	/r/HasProperty	-
barber	/r/HasProperty	-
coach	/r/HasProperty	-
businessperson	/r/HasProperty	-
football player	/r/HasProperty	-
construction worker	/r/HasProperty	-
manager	/r/HasProperty	-
ceo	/r/HasProperty	-
accountant	/r/HasProperty	-
commander	/r/HasProperty	-
firefighter	/r/HasProperty	-
mover	/r/HasProperty	-
software developer	/r/HasProperty	-
guard	/r/HasProperty	-
baker	/r/HasProperty	-
doctor	/r/HasProperty	-
athlete	/r/HasProperty	-
artist	/r/HasProperty	-
dancer	/r/HasProperty	-
mathematician	/r/HasProperty	-
janitor	/r/HasProperty	-
carpenter	/r/HasProperty	-
mechanic	/r/HasProperty	-
actor	/r/HasProperty	-
handyman	/r/HasProperty	-
musician	/r/HasProperty	-
detective	/r/HasProperty	-
politician	/r/HasProperty	-
entrepreneur	/r/HasProperty	-
model	/r/HasProperty	-
opera singer	/r/HasProperty	-
chief	/r/HasProperty	-
lawyer	/r/HasProperty	-
farmer	/r/HasProperty	-
writer	/r/HasProperty	-
librarian	/r/HasProperty	-
army	/r/HasProperty	-
real estate developer	/r/HasProperty	-
broker	/r/HasProperty	-
scientist	/r/HasProperty	-
butcher	/r/HasProperty	-
electrician	/r/HasProperty	-
prosecutor	/r/HasProperty	-
banker	/r/HasProperty	-
cook	/r/HasProperty	-
hairdresser	/r/HasProperty	-
prisoner	/r/HasProperty	-
plumber	/r/HasProperty	-
attorney	/r/HasProperty	-
boxer	/r/HasProperty	-
chess player	/r/HasProperty	-
priest	/r/HasProperty	-
swimmer	/r/HasProperty	-
tennis player	/r/HasProperty	-
supervisor	/r/HasProperty	-
attendant	/r/HasProperty	-
housekeeper	/r/HasProperty	-
maid	/r/HasProperty	-
producer	/r/HasProperty	-
researcher	/r/HasProperty	-
midwife	/r/HasProperty	-
judge	/r/HasProperty	-
umpire	/r/HasProperty	-
bartender	/r/HasProperty	-
economist	/r/HasProperty	-
physicist	/r/HasProperty	-
psychologist	/r/HasProperty	-
theologian	/r/HasProperty	-
salesperson	/r/HasProperty	-
physician	/r/HasProperty	-
sheriff	/r/HasProperty	-
cashier	/r/HasProperty	-
assistant	/r/HasProperty	-
receptionist	/r/HasProperty	-
editor	/r/HasProperty	-
engineer	/r/HasProperty	-
comedian	/r/HasProperty	-
painter	/r/HasProperty	-
civil servant	/r/HasProperty	-
diplomat	/r/HasProperty	-
guitarist	/r/HasProperty	-
linguist	/r/HasProperty	-
poet	/r/HasProperty	-
laborer	/r/HasProperty	-
teacher	/r/HasProperty	-
delivery man	/r/HasProperty	-
realtor	/r/HasProperty	-
pilot	/r/HasProperty	-
professor	/r/HasProperty	-
chemist	/r/HasProperty	-
historian	/r/HasProperty	-
pensioner	/r/HasProperty	-
performing artist	/r/HasProperty	-
singer	/r/HasProperty	-
secretary	/r/HasProperty	-
auditor	/r/HasProperty	-
counselor	/r/HasProperty	-
designer	/r/HasProperty	-
soldier	/r/HasProperty	-
journalist	/r/HasProperty	-
dentist	/r/HasProperty	-
analyst	/r/HasProperty	-
nurse	/r/HasProperty	-
tailor	/r/HasProperty	-
waiter	/r/HasProperty	-
author	/r/HasProperty	-
architect	/r/HasProperty	-
academic	/r/HasProperty	-
director	/r/HasProperty	-
illustrator	/r/HasProperty	-
clerk	/r/HasProperty	-
policeman	/r/HasProperty	-
chef	/r/HasProperty	-
photographer	/r/HasProperty	-
drawer	/r/HasProperty	-
cleaner	/r/HasProperty	-
pharmacist	/r/HasProperty	-
pianist	/r/HasProperty	-
composer	/r/HasProperty	-
handball player	/r/HasProperty	-
sociologist	/r/HasProperty	-
african american	/r/Causes	-
armenian	/r/Causes	-
persian	/r/Causes	-
american	/r/Causes	-
filipino	/r/Causes	-
english	/r/Causes	-
norwegian	/r/Causes	-
dutch	/r/Causes	-
israeli	/r/Causes	-
nigerian	/r/Causes	-
ethiopia	/r/Causes	-
europe	/r/Causes	-
european	/r/Causes	-
russian	/r/Causes	-
ukraine	/r/Causes	-
sudan	/r/Causes	-
afghanistan	/r/Causes	-
iraq	/r/Causes	-
yemen	/r/Causes	-
ukrainian	/r/Causes	-
russia	/r/Causes	-
italy	/r/Causes	-
somali	/r/Causes	-
iran	/r/Causes	-
afghan	/r/Causes	-
indian	/r/Causes	-
italian	/r/Causes	-
australian	/r/Causes	-
spanish	/r/Causes	-
guatemalan	/r/Causes	-
hispanic	/r/Causes	-
venezuela	/r/Causes	-
sudanese	/r/Causes	-
oman	/r/Causes	-
finnish	/r/Causes	-
swedish	/r/Causes	-
venezuelan	/r/Causes	-
puerto rican	/r/Causes	-
ghanaian	/r/Causes	-
moroccan	/r/Causes	-
somalia	/r/Causes	-
saudi arabian	/r/Causes	-
syria	/r/Causes	-
chinese	/r/Causes	-
pakistani	/r/Causes	-
china	/r/Causes	-
india	/r/Causes	-
irish	/r/Causes	-
britain	/r/Causes	-
france	/r/Causes	-
greece	/r/Causes	-
scotland	/r/Causes	-
mexican	/r/Causes	-
paraguayan	/r/Causes	-
brazil	/r/Causes	-
african	/r/Causes	-
eritrean	/r/Causes	-
sierra leonean	/r/Causes	-
africa	/r/Causes	-
jordan	/r/Causes	-
indonesia	/r/Causes	-
vietnam	/r/Causes	-
pakistan	/r/Causes	-
german	/r/Causes	-
romania	/r/Causes	-
brazilian	/r/Causes	-
ecuadorian	/r/Causes	-
mexico	/r/Causes	-
puerto rico	/r/Causes	-
kenyan	/r/Causes	-
liberian	/r/Causes	-
cameroonian	/r/Causes	-
african americans	/r/Causes	-
kenya	/r/Causes	-
liberia	/r/Causes	-
sierra leon	/r/Causes	-
qatari	/r/Causes	-
syrian	/r/Causes	-
arab	/r/Causes	-
saudi arabia	/r/Causes	-
lebanon	/r/Causes	-
indonesian	/r/Causes	-
french	/r/Causes	-
norwegian	/r/Causes	-
south africa	/r/Causes	-
jordanian	/r/Causes	-
korea	/r/Causes	-
singapore	/r/Causes	-
romanian	/r/Causes	-
crimean	/r/Causes	-
native american	/r/Causes	-
germany	/r/Causes	-
ireland	/r/Causes	-
ecuador	/r/Causes	-
morocco	/r/Causes	-
omani	/r/Causes	-
iranian	/r/Causes	-
iraqi	/r/Causes	-
qatar	/r/Causes	-
turkey	/r/Causes	-
vietnamese	/r/Causes	-
nepali	/r/Causes	-
laos	/r/Causes	-
bangladesh	/r/Causes	-
british	/r/Causes	-
polish	/r/Causes	-
greek	/r/Causes	-
scottish	/r/Causes	-
bolivian	/r/Causes	-
guatemala	/r/Causes	-
ghana	/r/Causes	-
cameroon	/r/Causes	-
japanese	/r/Causes	-
taiwanese	/r/Causes	-
bengali	/r/Causes	-
nepal	/r/Causes	-
albanian	/r/Causes	-
albania	/r/Causes	-
columbian	/r/Causes	-
peruvian	/r/Causes	-
argentian	/r/Causes	-
spain	/r/Causes	-
paraguay	/r/Causes	-
ethiopian	/r/Causes	-
egyptian	/r/Causes	-
persian people	/r/Causes	-
sweden	/r/Causes	-
crimea	/r/Causes	-
portuguese	/r/Causes	-
argentina	/r/Causes	-
chile	/r/Causes	-
cape verdean	/r/Causes	-
turkish	/r/Causes	-
yemeni	/r/Causes	-
taiwan	/r/Causes	-
austrian	/r/Causes	-
white people	/r/Causes	-
finland	/r/Causes	-
australia	/r/Causes	-
south african	/r/Causes	-
eriteria	/r/Causes	-
egypt	/r/Causes	-
korean	/r/Causes	-
dutch people	/r/Causes	-
peru	/r/Causes	-
poland	/r/Causes	-
chilean	/r/Causes	-
columbia	/r/Causes	-
bolivia	/r/Causes	-
laotian	/r/Causes	-
lebanese	/r/Causes	-
japan	/r/Causes	-
norway	/r/Causes	-
cape verde	/r/Causes	-
portugal	/r/Causes	-
austria	/r/Causes	-
singaporean	/r/Causes	-
netherlands	/r/Causes	-
she	/r/Causes	-
he	/r/Causes	-
hers	/r/Causes	-
him	/r/Causes	-
her	/r/Causes	-
herself	/r/Causes	-
himself	/r/Causes	-
his	/r/Causes	-
woman	/r/Causes	-
man	/r/Causes	-
female	/r/Causes	-
male	/r/Causes	-
lady	/r/Causes	-
gentleman	/r/Causes	-
ladies	/r/Causes	-
gentlemen	/r/Causes	-
girl	/r/Causes	-
boy	/r/Causes	-
sir	/r/Causes	-
ma am	/r/Causes	-
mother	/r/Causes	-
father	/r/Causes	-
stepmother	/r/Causes	-
stepfather	/r/Causes	-
daughter	/r/Causes	-
son	/r/Causes	-
sister	/r/Causes	-
brother	/r/Causes	-
grandmother	/r/Causes	-
grandfather	/r/Causes	-
mommy	/r/Causes	-
daddy	/r/Causes	-
wife	/r/Causes	-
husband	/r/Causes	-
bride	/r/Causes	-
groom	/r/Causes	-
girlfriend	/r/Causes	-
boyfriend	/r/Causes	-
schoolgirl	/r/Causes	-
schoolboy	/r/Causes	-
sharia	/r/Causes	-
jihad	/r/Causes	-
christian	/r/Causes	-
muslim	/r/Causes	-
islam	/r/Causes	-
hindu	/r/Causes	-
mohammed	/r/Causes	-
church	/r/Causes	-
quran	/r/Causes	-
bible	/r/Causes	-
brahmin	/r/Causes	-
holy trinity	/r/Causes	-
barber	/r/Causes	-
coach	/r/Causes	-
businessperson	/r/Causes	-
football player	/r/Causes	-
construction worker	/r/Causes	-
manager	/r/Causes	-
ceo	/r/Causes	-
accountant	/r/Causes	-
commander	/r/Causes	-
firefighter	/r/Causes	-
mover	/r/Causes	-
software developer	/r/Causes	-
guard	/r/Causes	-
baker	/r/Causes	-
doctor	/r/Causes	-
athlete	/r/Causes	-
artist	/r/Causes	-
dancer	/r/Causes	-
mathematician	/r/Causes	-
janitor	/r/Causes	-
carpenter	/r/Causes	-
mechanic	/r/Causes	-
actor	/r/Causes	-
handyman	/r/Causes	-
musician	/r/Causes	-
detective	/r/Causes	-
politician	/r/Causes	-
entrepreneur	/r/Causes	-
model	/r/Causes	-
opera singer	/r/Causes	-
chief	/r/Causes	-
lawyer	/r/Causes	-
farmer	/r/Causes	-
writer	/r/Causes	-
librarian	/r/Causes	-
army	/r/Causes	-
real estate developer	/r/Causes	-
broker	/r/Causes	-
scientist	/r/Causes	-
butcher	/r/Causes	-
electrician	/r/Causes	-
prosecutor	/r/Causes	-
banker	/r/Causes	-
cook	/r/Causes	-
hairdresser	/r/Causes	-
prisoner	/r/Causes	-
plumber	/r/Causes	-
attorney	/r/Causes	-
boxer	/r/Causes	-
chess player	/r/Causes	-
priest	/r/Causes	-
swimmer	/r/Causes	-
tennis player	/r/Causes	-
supervisor	/r/Causes	-
attendant	/r/Causes	-
housekeeper	/r/Causes	-
maid	/r/Causes	-
producer	/r/Causes	-
researcher	/r/Causes	-
midwife	/r/Causes	-
judge	/r/Causes	-
umpire	/r/Causes	-
bartender	/r/Causes	-
economist	/r/Causes	-
physicist	/r/Causes	-
psychologist	/r/Causes	-
theologian	/r/Causes	-
salesperson	/r/Causes	-
physician	/r/Causes	-
sheriff	/r/Causes	-
cashier	/r/Causes	-
assistant	/r/Causes	-
receptionist	/r/Causes	-
editor	/r/Causes	-
engineer	/r/Causes	-
comedian	/r/Causes	-
painter	/r/Causes	-
civil servant	/r/Causes	-
diplomat	/r/Causes	-
guitarist	/r/Causes	-
linguist	/r/Causes	-
poet	/r/Causes	-
laborer	/r/Causes	-
teacher	/r/Causes	-
delivery man	/r/Causes	-
realtor	/r/Causes	-
pilot	/r/Causes	-
professor	/r/Causes	-
chemist	/r/Causes	-
historian	/r/Causes	-
pensioner	/r/Causes	-
performing artist	/r/Causes	-
singer	/r/Causes	-
secretary	/r/Causes	-
auditor	/r/Causes	-
counselor	/r/Causes	-
designer	/r/Causes	-
soldier	/r/Causes	-
journalist	/r/Causes	-
dentist	/r/Causes	-
analyst	/r/Causes	-
nurse	/r/Causes	-
tailor	/r/Causes	-
waiter	/r/Causes	-
author	/r/Causes	-
architect	/r/Causes	-
academic	/r/Causes	-
director	/r/Causes	-
illustrator	/r/Causes	-
clerk	/r/Causes	-
policeman	/r/Causes	-
chef	/r/Causes	-
photographer	/r/Causes	-
drawer	/r/Causes	-
cleaner	/r/Causes	-
pharmacist	/r/Causes	-
pianist	/r/Causes	-
composer	/r/Causes	-
handball player	/r/Causes	-
sociologist	/r/Causes	-
african american	/r/CreatedBy	-
armenian	/r/CreatedBy	-
persian	/r/CreatedBy	-
american	/r/CreatedBy	-
filipino	/r/CreatedBy	-
english	/r/CreatedBy	-
norwegian	/r/CreatedBy	-
dutch	/r/CreatedBy	-
israeli	/r/CreatedBy	-
nigerian	/r/CreatedBy	-
ethiopia	/r/CreatedBy	-
europe	/r/CreatedBy	-
european	/r/CreatedBy	-
russian	/r/CreatedBy	-
ukraine	/r/CreatedBy	-
sudan	/r/CreatedBy	-
afghanistan	/r/CreatedBy	-
iraq	/r/CreatedBy	-
yemen	/r/CreatedBy	-
ukrainian	/r/CreatedBy	-
russia	/r/CreatedBy	-
italy	/r/CreatedBy	-
somali	/r/CreatedBy	-
iran	/r/CreatedBy	-
afghan	/r/CreatedBy	-
indian	/r/CreatedBy	-
italian	/r/CreatedBy	-
australian	/r/CreatedBy	-
spanish	/r/CreatedBy	-
guatemalan	/r/CreatedBy	-
hispanic	/r/CreatedBy	-
venezuela	/r/CreatedBy	-
sudanese	/r/CreatedBy	-
oman	/r/CreatedBy	-
finnish	/r/CreatedBy	-
swedish	/r/CreatedBy	-
venezuelan	/r/CreatedBy	-
puerto rican	/r/CreatedBy	-
ghanaian	/r/CreatedBy	-
moroccan	/r/CreatedBy	-
somalia	/r/CreatedBy	-
saudi arabian	/r/CreatedBy	-
syria	/r/CreatedBy	-
chinese	/r/CreatedBy	-
pakistani	/r/CreatedBy	-
china	/r/CreatedBy	-
india	/r/CreatedBy	-
irish	/r/CreatedBy	-
britain	/r/CreatedBy	-
france	/r/CreatedBy	-
greece	/r/CreatedBy	-
scotland	/r/CreatedBy	-
mexican	/r/CreatedBy	-
paraguayan	/r/CreatedBy	-
brazil	/r/CreatedBy	-
african	/r/CreatedBy	-
eritrean	/r/CreatedBy	-
sierra leonean	/r/CreatedBy	-
africa	/r/CreatedBy	-
jordan	/r/CreatedBy	-
indonesia	/r/CreatedBy	-
vietnam	/r/CreatedBy	-
pakistan	/r/CreatedBy	-
german	/r/CreatedBy	-
romania	/r/CreatedBy	-
brazilian	/r/CreatedBy	-
ecuadorian	/r/CreatedBy	-
mexico	/r/CreatedBy	-
puerto rico	/r/CreatedBy	-
kenyan	/r/CreatedBy	-
liberian	/r/CreatedBy	-
cameroonian	/r/CreatedBy	-
african americans	/r/CreatedBy	-
kenya	/r/CreatedBy	-
liberia	/r/CreatedBy	-
sierra leon	/r/CreatedBy	-
qatari	/r/CreatedBy	-
syrian	/r/CreatedBy	-
arab	/r/CreatedBy	-
saudi arabia	/r/CreatedBy	-
lebanon	/r/CreatedBy	-
indonesian	/r/CreatedBy	-
french	/r/CreatedBy	-
norwegian	/r/CreatedBy	-
south africa	/r/CreatedBy	-
jordanian	/r/CreatedBy	-
korea	/r/CreatedBy	-
singapore	/r/CreatedBy	-
romanian	/r/CreatedBy	-
crimean	/r/CreatedBy	-
native american	/r/CreatedBy	-
germany	/r/CreatedBy	-
ireland	/r/CreatedBy	-
ecuador	/r/CreatedBy	-
morocco	/r/CreatedBy	-
omani	/r/CreatedBy	-
iranian	/r/CreatedBy	-
iraqi	/r/CreatedBy	-
qatar	/r/CreatedBy	-
turkey	/r/CreatedBy	-
vietnamese	/r/CreatedBy	-
nepali	/r/CreatedBy	-
laos	/r/CreatedBy	-
bangladesh	/r/CreatedBy	-
british	/r/CreatedBy	-
polish	/r/CreatedBy	-
greek	/r/CreatedBy	-
scottish	/r/CreatedBy	-
bolivian	/r/CreatedBy	-
guatemala	/r/CreatedBy	-
ghana	/r/CreatedBy	-
cameroon	/r/CreatedBy	-
japanese	/r/CreatedBy	-
taiwanese	/r/CreatedBy	-
bengali	/r/CreatedBy	-
nepal	/r/CreatedBy	-
albanian	/r/CreatedBy	-
albania	/r/CreatedBy	-
columbian	/r/CreatedBy	-
peruvian	/r/CreatedBy	-
argentian	/r/CreatedBy	-
spain	/r/CreatedBy	-
paraguay	/r/CreatedBy	-
ethiopian	/r/CreatedBy	-
egyptian	/r/CreatedBy	-
persian people	/r/CreatedBy	-
sweden	/r/CreatedBy	-
crimea	/r/CreatedBy	-
portuguese	/r/CreatedBy	-
argentina	/r/CreatedBy	-
chile	/r/CreatedBy	-
cape verdean	/r/CreatedBy	-
turkish	/r/CreatedBy	-
yemeni	/r/CreatedBy	-
taiwan	/r/CreatedBy	-
austrian	/r/CreatedBy	-
white people	/r/CreatedBy	-
finland	/r/CreatedBy	-
australia	/r/CreatedBy	-
south african	/r/CreatedBy	-
eriteria	/r/CreatedBy	-
egypt	/r/CreatedBy	-
korean	/r/CreatedBy	-
dutch people	/r/CreatedBy	-
peru	/r/CreatedBy	-
poland	/r/CreatedBy	-
chilean	/r/CreatedBy	-
columbia	/r/CreatedBy	-
bolivia	/r/CreatedBy	-
laotian	/r/CreatedBy	-
lebanese	/r/CreatedBy	-
japan	/r/CreatedBy	-
norway	/r/CreatedBy	-
cape verde	/r/CreatedBy	-
portugal	/r/CreatedBy	-
austria	/r/CreatedBy	-
singaporean	/r/CreatedBy	-
netherlands	/r/CreatedBy	-
she	/r/CreatedBy	-
he	/r/CreatedBy	-
hers	/r/CreatedBy	-
him	/r/CreatedBy	-
her	/r/CreatedBy	-
herself	/r/CreatedBy	-
himself	/r/CreatedBy	-
his	/r/CreatedBy	-
woman	/r/CreatedBy	-
man	/r/CreatedBy	-
female	/r/CreatedBy	-
male	/r/CreatedBy	-
lady	/r/CreatedBy	-
gentleman	/r/CreatedBy	-
ladies	/r/CreatedBy	-
gentlemen	/r/CreatedBy	-
girl	/r/CreatedBy	-
boy	/r/CreatedBy	-
sir	/r/CreatedBy	-
ma am	/r/CreatedBy	-
mother	/r/CreatedBy	-
father	/r/CreatedBy	-
stepmother	/r/CreatedBy	-
stepfather	/r/CreatedBy	-
daughter	/r/CreatedBy	-
son	/r/CreatedBy	-
sister	/r/CreatedBy	-
brother	/r/CreatedBy	-
grandmother	/r/CreatedBy	-
grandfather	/r/CreatedBy	-
mommy	/r/CreatedBy	-
daddy	/r/CreatedBy	-
wife	/r/CreatedBy	-
husband	/r/CreatedBy	-
bride	/r/CreatedBy	-
groom	/r/CreatedBy	-
girlfriend	/r/CreatedBy	-
boyfriend	/r/CreatedBy	-
schoolgirl	/r/CreatedBy	-
schoolboy	/r/CreatedBy	-
sharia	/r/CreatedBy	-
jihad	/r/CreatedBy	-
christian	/r/CreatedBy	-
muslim	/r/CreatedBy	-
islam	/r/CreatedBy	-
hindu	/r/CreatedBy	-
mohammed	/r/CreatedBy	-
church	/r/CreatedBy	-
quran	/r/CreatedBy	-
bible	/r/CreatedBy	-
brahmin	/r/CreatedBy	-
holy trinity	/r/CreatedBy	-
barber	/r/CreatedBy	-
coach	/r/CreatedBy	-
businessperson	/r/CreatedBy	-
football player	/r/CreatedBy	-
construction worker	/r/CreatedBy	-
manager	/r/CreatedBy	-
ceo	/r/CreatedBy	-
accountant	/r/CreatedBy	-
commander	/r/CreatedBy	-
firefighter	/r/CreatedBy	-
mover	/r/CreatedBy	-
software developer	/r/CreatedBy	-
guard	/r/CreatedBy	-
baker	/r/CreatedBy	-
doctor	/r/CreatedBy	-
athlete	/r/CreatedBy	-
artist	/r/CreatedBy	-
dancer	/r/CreatedBy	-
mathematician	/r/CreatedBy	-
janitor	/r/CreatedBy	-
carpenter	/r/CreatedBy	-
mechanic	/r/CreatedBy	-
actor	/r/CreatedBy	-
handyman	/r/CreatedBy	-
musician	/r/CreatedBy	-
detective	/r/CreatedBy	-
politician	/r/CreatedBy	-
entrepreneur	/r/CreatedBy	-
model	/r/CreatedBy	-
opera singer	/r/CreatedBy	-
chief	/r/CreatedBy	-
lawyer	/r/CreatedBy	-
farmer	/r/CreatedBy	-
writer	/r/CreatedBy	-
librarian	/r/CreatedBy	-
army	/r/CreatedBy	-
real estate developer	/r/CreatedBy	-
broker	/r/CreatedBy	-
scientist	/r/CreatedBy	-
butcher	/r/CreatedBy	-
electrician	/r/CreatedBy	-
prosecutor	/r/CreatedBy	-
banker	/r/CreatedBy	-
cook	/r/CreatedBy	-
hairdresser	/r/CreatedBy	-
prisoner	/r/CreatedBy	-
plumber	/r/CreatedBy	-
attorney	/r/CreatedBy	-
boxer	/r/CreatedBy	-
chess player	/r/CreatedBy	-
priest	/r/CreatedBy	-
swimmer	/r/CreatedBy	-
tennis player	/r/CreatedBy	-
supervisor	/r/CreatedBy	-
attendant	/r/CreatedBy	-
housekeeper	/r/CreatedBy	-
maid	/r/CreatedBy	-
producer	/r/CreatedBy	-
researcher	/r/CreatedBy	-
midwife	/r/CreatedBy	-
judge	/r/CreatedBy	-
umpire	/r/CreatedBy	-
bartender	/r/CreatedBy	-
economist	/r/CreatedBy	-
physicist	/r/CreatedBy	-
psychologist	/r/CreatedBy	-
theologian	/r/CreatedBy	-
salesperson	/r/CreatedBy	-
physician	/r/CreatedBy	-
sheriff	/r/CreatedBy	-
cashier	/r/CreatedBy	-
assistant	/r/CreatedBy	-
receptionist	/r/CreatedBy	-
editor	/r/CreatedBy	-
engineer	/r/CreatedBy	-
comedian	/r/CreatedBy	-
painter	/r/CreatedBy	-
civil servant	/r/CreatedBy	-
diplomat	/r/CreatedBy	-
guitarist	/r/CreatedBy	-
linguist	/r/CreatedBy	-
poet	/r/CreatedBy	-
laborer	/r/CreatedBy	-
teacher	/r/CreatedBy	-
delivery man	/r/CreatedBy	-
realtor	/r/CreatedBy	-
pilot	/r/CreatedBy	-
professor	/r/CreatedBy	-
chemist	/r/CreatedBy	-
historian	/r/CreatedBy	-
pensioner	/r/CreatedBy	-
performing artist	/r/CreatedBy	-
singer	/r/CreatedBy	-
secretary	/r/CreatedBy	-
auditor	/r/CreatedBy	-
counselor	/r/CreatedBy	-
designer	/r/CreatedBy	-
soldier	/r/CreatedBy	-
journalist	/r/CreatedBy	-
dentist	/r/CreatedBy	-
analyst	/r/CreatedBy	-
nurse	/r/CreatedBy	-
tailor	/r/CreatedBy	-
waiter	/r/CreatedBy	-
author	/r/CreatedBy	-
architect	/r/CreatedBy	-
academic	/r/CreatedBy	-
director	/r/CreatedBy	-
illustrator	/r/CreatedBy	-
clerk	/r/CreatedBy	-
policeman	/r/CreatedBy	-
chef	/r/CreatedBy	-
photographer	/r/CreatedBy	-
drawer	/r/CreatedBy	-
cleaner	/r/CreatedBy	-
pharmacist	/r/CreatedBy	-
pianist	/r/CreatedBy	-
composer	/r/CreatedBy	-
handball player	/r/CreatedBy	-
sociologist	/r/CreatedBy	-
african american	/r/HasPrerequisite	-
armenian	/r/HasPrerequisite	-
persian	/r/HasPrerequisite	-
american	/r/HasPrerequisite	-
filipino	/r/HasPrerequisite	-
english	/r/HasPrerequisite	-
norwegian	/r/HasPrerequisite	-
dutch	/r/HasPrerequisite	-
israeli	/r/HasPrerequisite	-
nigerian	/r/HasPrerequisite	-
ethiopia	/r/HasPrerequisite	-
europe	/r/HasPrerequisite	-
european	/r/HasPrerequisite	-
russian	/r/HasPrerequisite	-
ukraine	/r/HasPrerequisite	-
sudan	/r/HasPrerequisite	-
afghanistan	/r/HasPrerequisite	-
iraq	/r/HasPrerequisite	-
yemen	/r/HasPrerequisite	-
ukrainian	/r/HasPrerequisite	-
russia	/r/HasPrerequisite	-
italy	/r/HasPrerequisite	-
somali	/r/HasPrerequisite	-
iran	/r/HasPrerequisite	-
afghan	/r/HasPrerequisite	-
indian	/r/HasPrerequisite	-
italian	/r/HasPrerequisite	-
australian	/r/HasPrerequisite	-
spanish	/r/HasPrerequisite	-
guatemalan	/r/HasPrerequisite	-
hispanic	/r/HasPrerequisite	-
venezuela	/r/HasPrerequisite	-
sudanese	/r/HasPrerequisite	-
oman	/r/HasPrerequisite	-
finnish	/r/HasPrerequisite	-
swedish	/r/HasPrerequisite	-
venezuelan	/r/HasPrerequisite	-
puerto rican	/r/HasPrerequisite	-
ghanaian	/r/HasPrerequisite	-
moroccan	/r/HasPrerequisite	-
somalia	/r/HasPrerequisite	-
saudi arabian	/r/HasPrerequisite	-
syria	/r/HasPrerequisite	-
chinese	/r/HasPrerequisite	-
pakistani	/r/HasPrerequisite	-
china	/r/HasPrerequisite	-
india	/r/HasPrerequisite	-
irish	/r/HasPrerequisite	-
britain	/r/HasPrerequisite	-
france	/r/HasPrerequisite	-
greece	/r/HasPrerequisite	-
scotland	/r/HasPrerequisite	-
mexican	/r/HasPrerequisite	-
paraguayan	/r/HasPrerequisite	-
brazil	/r/HasPrerequisite	-
african	/r/HasPrerequisite	-
eritrean	/r/HasPrerequisite	-
sierra leonean	/r/HasPrerequisite	-
africa	/r/HasPrerequisite	-
jordan	/r/HasPrerequisite	-
indonesia	/r/HasPrerequisite	-
vietnam	/r/HasPrerequisite	-
pakistan	/r/HasPrerequisite	-
german	/r/HasPrerequisite	-
romania	/r/HasPrerequisite	-
brazilian	/r/HasPrerequisite	-
ecuadorian	/r/HasPrerequisite	-
mexico	/r/HasPrerequisite	-
puerto rico	/r/HasPrerequisite	-
kenyan	/r/HasPrerequisite	-
liberian	/r/HasPrerequisite	-
cameroonian	/r/HasPrerequisite	-
african americans	/r/HasPrerequisite	-
kenya	/r/HasPrerequisite	-
liberia	/r/HasPrerequisite	-
sierra leon	/r/HasPrerequisite	-
qatari	/r/HasPrerequisite	-
syrian	/r/HasPrerequisite	-
arab	/r/HasPrerequisite	-
saudi arabia	/r/HasPrerequisite	-
lebanon	/r/HasPrerequisite	-
indonesian	/r/HasPrerequisite	-
french	/r/HasPrerequisite	-
norwegian	/r/HasPrerequisite	-
south africa	/r/HasPrerequisite	-
jordanian	/r/HasPrerequisite	-
korea	/r/HasPrerequisite	-
singapore	/r/HasPrerequisite	-
romanian	/r/HasPrerequisite	-
crimean	/r/HasPrerequisite	-
native american	/r/HasPrerequisite	-
germany	/r/HasPrerequisite	-
ireland	/r/HasPrerequisite	-
ecuador	/r/HasPrerequisite	-
morocco	/r/HasPrerequisite	-
omani	/r/HasPrerequisite	-
iranian	/r/HasPrerequisite	-
iraqi	/r/HasPrerequisite	-
qatar	/r/HasPrerequisite	-
turkey	/r/HasPrerequisite	-
vietnamese	/r/HasPrerequisite	-
nepali	/r/HasPrerequisite	-
laos	/r/HasPrerequisite	-
bangladesh	/r/HasPrerequisite	-
british	/r/HasPrerequisite	-
polish	/r/HasPrerequisite	-
greek	/r/HasPrerequisite	-
scottish	/r/HasPrerequisite	-
bolivian	/r/HasPrerequisite	-
guatemala	/r/HasPrerequisite	-
ghana	/r/HasPrerequisite	-
cameroon	/r/HasPrerequisite	-
japanese	/r/HasPrerequisite	-
taiwanese	/r/HasPrerequisite	-
bengali	/r/HasPrerequisite	-
nepal	/r/HasPrerequisite	-
albanian	/r/HasPrerequisite	-
albania	/r/HasPrerequisite	-
columbian	/r/HasPrerequisite	-
peruvian	/r/HasPrerequisite	-
argentian	/r/HasPrerequisite	-
spain	/r/HasPrerequisite	-
paraguay	/r/HasPrerequisite	-
ethiopian	/r/HasPrerequisite	-
egyptian	/r/HasPrerequisite	-
persian people	/r/HasPrerequisite	-
sweden	/r/HasPrerequisite	-
crimea	/r/HasPrerequisite	-
portuguese	/r/HasPrerequisite	-
argentina	/r/HasPrerequisite	-
chile	/r/HasPrerequisite	-
cape verdean	/r/HasPrerequisite	-
turkish	/r/HasPrerequisite	-
yemeni	/r/HasPrerequisite	-
taiwan	/r/HasPrerequisite	-
austrian	/r/HasPrerequisite	-
white people	/r/HasPrerequisite	-
finland	/r/HasPrerequisite	-
australia	/r/HasPrerequisite	-
south african	/r/HasPrerequisite	-
eriteria	/r/HasPrerequisite	-
egypt	/r/HasPrerequisite	-
korean	/r/HasPrerequisite	-
dutch people	/r/HasPrerequisite	-
peru	/r/HasPrerequisite	-
poland	/r/HasPrerequisite	-
chilean	/r/HasPrerequisite	-
columbia	/r/HasPrerequisite	-
bolivia	/r/HasPrerequisite	-
laotian	/r/HasPrerequisite	-
lebanese	/r/HasPrerequisite	-
japan	/r/HasPrerequisite	-
norway	/r/HasPrerequisite	-
cape verde	/r/HasPrerequisite	-
portugal	/r/HasPrerequisite	-
austria	/r/HasPrerequisite	-
singaporean	/r/HasPrerequisite	-
netherlands	/r/HasPrerequisite	-
she	/r/HasPrerequisite	-
he	/r/HasPrerequisite	-
hers	/r/HasPrerequisite	-
him	/r/HasPrerequisite	-
her	/r/HasPrerequisite	-
herself	/r/HasPrerequisite	-
himself	/r/HasPrerequisite	-
his	/r/HasPrerequisite	-
woman	/r/HasPrerequisite	-
man	/r/HasPrerequisite	-
female	/r/HasPrerequisite	-
male	/r/HasPrerequisite	-
lady	/r/HasPrerequisite	-
gentleman	/r/HasPrerequisite	-
ladies	/r/HasPrerequisite	-
gentlemen	/r/HasPrerequisite	-
girl	/r/HasPrerequisite	-
boy	/r/HasPrerequisite	-
sir	/r/HasPrerequisite	-
ma am	/r/HasPrerequisite	-
mother	/r/HasPrerequisite	-
father	/r/HasPrerequisite	-
stepmother	/r/HasPrerequisite	-
stepfather	/r/HasPrerequisite	-
daughter	/r/HasPrerequisite	-
son	/r/HasPrerequisite	-
sister	/r/HasPrerequisite	-
brother	/r/HasPrerequisite	-
grandmother	/r/HasPrerequisite	-
grandfather	/r/HasPrerequisite	-
mommy	/r/HasPrerequisite	-
daddy	/r/HasPrerequisite	-
wife	/r/HasPrerequisite	-
husband	/r/HasPrerequisite	-
bride	/r/HasPrerequisite	-
groom	/r/HasPrerequisite	-
girlfriend	/r/HasPrerequisite	-
boyfriend	/r/HasPrerequisite	-
schoolgirl	/r/HasPrerequisite	-
schoolboy	/r/HasPrerequisite	-
sharia	/r/HasPrerequisite	-
jihad	/r/HasPrerequisite	-
christian	/r/HasPrerequisite	-
muslim	/r/HasPrerequisite	-
islam	/r/HasPrerequisite	-
hindu	/r/HasPrerequisite	-
mohammed	/r/HasPrerequisite	-
church	/r/HasPrerequisite	-
quran	/r/HasPrerequisite	-
bible	/r/HasPrerequisite	-
brahmin	/r/HasPrerequisite	-
holy trinity	/r/HasPrerequisite	-
barber	/r/HasPrerequisite	-
coach	/r/HasPrerequisite	-
businessperson	/r/HasPrerequisite	-
football player	/r/HasPrerequisite	-
construction worker	/r/HasPrerequisite	-
manager	/r/HasPrerequisite	-
ceo	/r/HasPrerequisite	-
accountant	/r/HasPrerequisite	-
commander	/r/HasPrerequisite	-
firefighter	/r/HasPrerequisite	-
mover	/r/HasPrerequisite	-
software developer	/r/HasPrerequisite	-
guard	/r/HasPrerequisite	-
baker	/r/HasPrerequisite	-
doctor	/r/HasPrerequisite	-
athlete	/r/HasPrerequisite	-
artist	/r/HasPrerequisite	-
dancer	/r/HasPrerequisite	-
mathematician	/r/HasPrerequisite	-
janitor	/r/HasPrerequisite	-
carpenter	/r/HasPrerequisite	-
mechanic	/r/HasPrerequisite	-
actor	/r/HasPrerequisite	-
handyman	/r/HasPrerequisite	-
musician	/r/HasPrerequisite	-
detective	/r/HasPrerequisite	-
politician	/r/HasPrerequisite	-
entrepreneur	/r/HasPrerequisite	-
model	/r/HasPrerequisite	-
opera singer	/r/HasPrerequisite	-
chief	/r/HasPrerequisite	-
lawyer	/r/HasPrerequisite	-
farmer	/r/HasPrerequisite	-
writer	/r/HasPrerequisite	-
librarian	/r/HasPrerequisite	-
army	/r/HasPrerequisite	-
real estate developer	/r/HasPrerequisite	-
broker	/r/HasPrerequisite	-
scientist	/r/HasPrerequisite	-
butcher	/r/HasPrerequisite	-
electrician	/r/HasPrerequisite	-
prosecutor	/r/HasPrerequisite	-
banker	/r/HasPrerequisite	-
cook	/r/HasPrerequisite	-
hairdresser	/r/HasPrerequisite	-
prisoner	/r/HasPrerequisite	-
plumber	/r/HasPrerequisite	-
attorney	/r/HasPrerequisite	-
boxer	/r/HasPrerequisite	-
chess player	/r/HasPrerequisite	-
priest	/r/HasPrerequisite	-
swimmer	/r/HasPrerequisite	-
tennis player	/r/HasPrerequisite	-
supervisor	/r/HasPrerequisite	-
attendant	/r/HasPrerequisite	-
housekeeper	/r/HasPrerequisite	-
maid	/r/HasPrerequisite	-
producer	/r/HasPrerequisite	-
researcher	/r/HasPrerequisite	-
midwife	/r/HasPrerequisite	-
judge	/r/HasPrerequisite	-
umpire	/r/HasPrerequisite	-
bartender	/r/HasPrerequisite	-
economist	/r/HasPrerequisite	-
physicist	/r/HasPrerequisite	-
psychologist	/r/HasPrerequisite	-
theologian	/r/HasPrerequisite	-
salesperson	/r/HasPrerequisite	-
physician	/r/HasPrerequisite	-
sheriff	/r/HasPrerequisite	-
cashier	/r/HasPrerequisite	-
assistant	/r/HasPrerequisite	-
receptionist	/r/HasPrerequisite	-
editor	/r/HasPrerequisite	-
engineer	/r/HasPrerequisite	-
comedian	/r/HasPrerequisite	-
painter	/r/HasPrerequisite	-
civil servant	/r/HasPrerequisite	-
diplomat	/r/HasPrerequisite	-
guitarist	/r/HasPrerequisite	-
linguist	/r/HasPrerequisite	-
poet	/r/HasPrerequisite	-
laborer	/r/HasPrerequisite	-
teacher	/r/HasPrerequisite	-
delivery man	/r/HasPrerequisite	-
realtor	/r/HasPrerequisite	-
pilot	/r/HasPrerequisite	-
professor	/r/HasPrerequisite	-
chemist	/r/HasPrerequisite	-
historian	/r/HasPrerequisite	-
pensioner	/r/HasPrerequisite	-
performing artist	/r/HasPrerequisite	-
singer	/r/HasPrerequisite	-
secretary	/r/HasPrerequisite	-
auditor	/r/HasPrerequisite	-
counselor	/r/HasPrerequisite	-
designer	/r/HasPrerequisite	-
soldier	/r/HasPrerequisite	-
journalist	/r/HasPrerequisite	-
dentist	/r/HasPrerequisite	-
analyst	/r/HasPrerequisite	-
nurse	/r/HasPrerequisite	-
tailor	/r/HasPrerequisite	-
waiter	/r/HasPrerequisite	-
author	/r/HasPrerequisite	-
architect	/r/HasPrerequisite	-
academic	/r/HasPrerequisite	-
director	/r/HasPrerequisite	-
illustrator	/r/HasPrerequisite	-
clerk	/r/HasPrerequisite	-
policeman	/r/HasPrerequisite	-
chef	/r/HasPrerequisite	-
photographer	/r/HasPrerequisite	-
drawer	/r/HasPrerequisite	-
cleaner	/r/HasPrerequisite	-
pharmacist	/r/HasPrerequisite	-
pianist	/r/HasPrerequisite	-
composer	/r/HasPrerequisite	-
handball player	/r/HasPrerequisite	-
sociologist	/r/HasPrerequisite	-
